Workbook

Sheet README
A1: Data cleaning and validation exercises (Phase 3)
A2: Independent portfolio project. Not an official IRCTC or Indian Railways system. All data is synthetic.
A3: SYNTHETIC DATA. Sampled simulation: 768 simulated train runs, compared with 19,708 scheduled runs in the modelled schedule (3.9%). Not a representative full railway schedule and not IRCTC or Indian Railways network-wide metrics.
A5: Sample: 647 raw booking rows, 1,335 passenger rows, 178 cancellation rows, 91 capacity rows, 55 operations rows, taken from data/raw/synthetic (never edited). It is enriched so that every one of the 30 issue types appears; real defect rates in the full raw extract are about 1% or less.
A6: Raw_* sheets hold the extract as delivered. Plain numbers are stored as numbers (as an Excel CSV import would); currency text such as '₹1,250.00', DD-MM-YYYY dates and alias statuses stay text.
A7: Exercises: work through the list (Beginner to Advanced). Try each on the Raw_* sheets first, then compare with the Work_* sheets, which hold one flag column per issue.
A8: Answer_Key: expected counts (independent detection by the Python cleaner) beside the Excel formula counts. All formula counts should match; total_fare_invalid is a manual exercise.
A9: Clean_*_Solution: the cleaned result for these rows. Validation_Checks: formula checks (duplicates, statuses, BR-03 sums, BR-04 dates, orphans). Paste your own cleaned tables there to test them.
A10: Cleaning rules never invent data: unrecoverable records are rejected with their whole booking family; missing age band becomes 'Unknown' and missing delays stay blank. See docs/data_quality_report.md.
A11: XLOOKUP is not used: it could not be verified in the build environment. The worked solution uses INDEX/MATCH and SUMPRODUCT lookups that work in every Excel version and in Google Sheets. In Excel 365 you may practise the same lookups with XLOOKUP.

Sheet Exercises
A1: Data cleaning exercises
A2: SYNTHETIC DATA. Sampled simulation: 768 simulated train runs, compared with 19,708 scheduled runs in the modelled schedule (3.9%). Not a representative full railway schedule and not IRCTC or Indian Railways network-wide metrics.
A3: # | B3: Level | C3: Issue code | D3: Sheet | E3: Problem to find | F3: Cleaning rule to apply | G3: Suggested functions | H3: Expected count in this sample
A4: 1 | B4: Beginner | C4: dup_booking_rows | D4: Raw_Bookings | E4: Exact re-ingested copies of a booking row (same booking_id) | F4: Keep the first occurrence per booking_id; remove the extra copies | G4: COUNTIF (expanding range), Remove Duplicates | H4: 9
A5: 2 | B5: Beginner | C5: dup_passenger_rows | D5: Raw_Passengers | E5: Exact re-ingested copies of a passenger row (same passenger_id) | F5: Keep the first occurrence per passenger_id; remove the extra copies | G5: COUNTIF, Remove Duplicates | H5: 8
A6: 3 | B6: Beginner | C6: dup_cancellation_rows | D6: Raw_Cancellations | E6: Exact re-ingested copies of a cancellation event (same cancellation_id) | F6: Keep the first occurrence per cancellation_id; remove the extra copies | G6: COUNTIF, Remove Duplicates | H6: 6
A7: 4 | B7: Beginner | C7: missing_total_fare | D7: Raw_Bookings | E7: total_fare is blank | F7: Recompute as SUM(passenger fare_amount) for the booking (BR-03) | G7: TRIM, IF, ISBLANK / LEN | H7: 8
A8: 5 | B8: Intermediate | C8: total_fare_currency_format | D8: Raw_Bookings | E8: total_fare stored as text such as '₹1,250.00' or 'Rs. 1250' | F8: Strip symbols and separators, parse, and verify it equals the passenger fare sum | G8: ISTEXT, SUBSTITUTE, VALUE, IFERROR | H8: 7
A9: 6 | B9: Advanced (manual) | C9: total_fare_invalid | D9: Raw_Bookings + Raw_Passengers | E9: total_fare is negative, zero, non-numeric or does not equal the passenger fare sum | F9: Replace with SUM(passenger fare_amount) when all passenger fares are valid | G9: SUMIFS over passengers, ISNUMBER, comparison; watch negative passenger fares and duplicate passenger rows | H9: 8
A10: 7 | B10: Beginner | C10: negative_passenger_fare | D10: Raw_Passengers | E10: A passenger fare_amount is negative or non-numeric | F10: Reconstruct as booking total_fare minus the other passengers' fares; accept only if positive | G10: ISNUMBER, IF | H10: 8
A11: 8 | B11: Beginner | C11: missing_route_id | D11: Raw_Bookings | E11: route_id is blank | F11: Derive from trains.route_id for the booking's train | G11: TRIM, IF | H11: 9
A12: 9 | B12: Intermediate | C12: num_passengers_invalid | D12: Raw_Bookings | E12: num_passengers blank, non-numeric, or different from the number of passenger rows | F12: Set to the number of passenger rows for the booking (BR-03) | G12: COUNTIFS on non-duplicate passenger rows, ISNUMBER | H12: 6
A13: 10 | B13: Beginner | C13: missing_age_band | D13: Raw_Passengers | E13: age_band is blank | F13: Set to 'Unknown'; no age is imputed. Age band is not used by any KPI | G13: TRIM, IF | H13: 8
A14: 11 | B14: Beginner | C14: station_code_format | D14: Raw_Bookings | E14: boarding/destination station code in lower case or padded with spaces | F14: Trim, upper-case, and map to station_id | G14: TRIM, UPPER, EXACT, COUNTIF against Lookup_Stations | H14: 9
A15: 12 | B15: Beginner | C15: station_code_unknown | D15: Raw_Bookings | E15: station code not present in the station master (e.g. 'XXX', '000', 'N/A') | F15: Derive boarding/destination station from the booking's route (BR-06) | G15: COUNTIF against Lookup_Stations | H15: 6
... A33: 30 | B33: Beginner | C33: delay_out_of_range | D33: Raw_Operations | E33: arrival_delay_min outside the sanity range -60..1440 minutes | F33: Set to NULL and retain the run; excluded from delay KPIs | G33: ISNUMBER, OR | H33: 8

Sheet Answer_Key
A1: Answer key: expected issue counts in THIS sample versus your Excel formulas
A2: Expected = the cleaner's independent detection (python/src/clean_data.py) on exactly these rows. Injected = rows recorded in the injection log for this sample. Excel = the worked-solution formula count. SYNTHETIC DATA. The sample is deliberately enriched with defects and is not a guide to real defect rates.
A4: Issue code | B4: Table | C4: Issue type | D4: Expected (independent detection) | E4: Injected in sample (log) | F4: Excel formula count | G4: Result | H4: Outcome | I4: Cleaning rule
A5: dup_booking_rows | B5: bookings | C5: Duplicate booking rows | D5: 9 | E5: 9 | F5: =SUM(Work_Bookings!$B$2:$B$648) -> 9 | G5: =IF(F5=D5,"PASS","FAIL") -> PASS | H5: rejected | I5: Keep the first occurrence per booking_id; remove the extra copies
A6: dup_passenger_rows | B6: booking_passengers | C6: Duplicate passenger rows | D6: 8 | E6: 8 | F6: =SUM(Work_Passengers!$C$2:$C$1336) -> 8 | G6: =IF(F6=D6,"PASS","FAIL") -> PASS | H6: rejected | I6: Keep the first occurrence per passenger_id; remove the extra copies
A7: dup_cancellation_rows | B7: cancellations | C7: Duplicate cancellation rows | D7: 6 | E7: 6 | F7: =SUM(Work_Cancellations!$B$2:$B$179) -> 6 | G7: =IF(F7=D7,"PASS","FAIL") -> PASS | H7: rejected | I7: Keep the first occurrence per cancellation_id; remove the extra copies
A8: missing_total_fare | B8: bookings | C8: Missing booking total fare | D8: 8 | E8: 8 | F8: =SUM(Work_Bookings!$Y$2:$Y$648) -> 8 | G8: =IF(F8=D8,"PASS","FAIL") -> PASS | H8: corrected | I8: Recompute as SUM(passenger fare_amount) for the booking (BR-03)
A9: total_fare_currency_format | B9: bookings | C9: Fare stored with currency symbol | D9: 7 | E9: 7 | F9: =SUM(Work_Bookings!$AB$2:$AB$648) -> 7 | G9: =IF(F9=D9,"PASS","FAIL") -> PASS | H9: corrected | I9: Strip symbols and separators, parse, and verify it equals the passenger fare sum
A10: total_fare_invalid | B10: bookings | C10: Invalid booking total fare | D10: 8 | E10: 8 | F10: manual exercise | G10: MANUAL | H10: corrected | I10: Replace with SUM(passenger fare_amount) when all passenger fares are valid
A11: negative_passenger_fare | B11: booking_passengers | C11: Invalid passenger fare | D11: 8 | E11: 8 | F11: =SUM(Work_Passengers!$E$2:$E$1336) -> 8 | G11: =IF(F11=D11,"PASS","FAIL") -> PASS | H11: corrected | I11: Reconstruct as booking total_fare minus the other passengers' fares; accept only if positive
A12: missing_route_id | B12: bookings | C12: Missing route reference | D12: 9 | E12: 9 | F12: =SUM(Work_Bookings!$U$2:$U$648) -> 9 | G12: =IF(F12=D12,"PASS","FAIL") -> PASS | H12: corrected | I12: Derive from trains.route_id for the booking's train
A13: num_passengers_invalid | B13: bookings | C13: Invalid passenger count | D13: 6 | E13: 6 | F13: =SUM(Work_Bookings!$AC$2:$AC$648) -> 6 | G13: =IF(F13=D13,"PASS","FAIL") -> PASS | H13: corrected | I13: Set to the number of passenger rows for the booking (BR-03)
A14: missing_age_band | B14: booking_passengers | C14: Missing age band | D14: 8 | E14: 8 | F14: =SUM(Work_Passengers!$F$2:$F$1336) -> 8 | G14: =IF(F14=D14,"PASS","FAIL") -> PASS | H14: retained | I14: Set to 'Unknown'; no age is imputed. Age band is not used by any KPI
A15: station_code_format | B15: bookings | C15: Inconsistent station code format | D15: 9 | E15: 9 | F15: =SUM(Work_Bookings!$S$2:$S$648) -> 9 | G15: =IF(F15=D15,"PASS","FAIL") -> PASS | H15: corrected | I15: Trim, upper-case, and map to station_id
A16: station_code_unknown | B16: bookings | C16: Unknown station code | D16: 6 | E16: 6 | F16: =SUM(Work_Bookings!$T$2:$T$648) -> 6 | G16: =IF(F16=D16,"PASS","FAIL") -> PASS | H16: corrected | I16: Derive boarding/destination station from the booking's route (BR-06)
A17: missing_booking_ts | B17: bookings | C17: Missing booking timestamp | D17: 6 | E17: 6 | F17: =SUM(Work_Bookings!$L$2:$L$648) -> 6 | G17: =IF(F17=D17,"PASS","FAIL") -> PASS | H17: rejected | I17: Cannot be recovered without inventing a value; reject the booking family
A18: journey_date_format | B18: bookings | C18: Journey date in DD-MM-YYYY format | D18: 8 | E18: 8 | F18: =SUM(Work_Bookings!$J$2:$J$648) -> 8 | G18: =IF(F18=D18,"PASS","FAIL") -> PASS | H18: corrected | I18: Parse the unambiguous DD-MM-YYYY pattern and store as ISO date
A19: journey_date_impossible | B19: bookings | C19: Impossible journey date | D19: 6 | E19: 6 | F19: =SUM(Work_Bookings!$K$2:$K$648) -> 6 | G19: =IF(F19=D19,"PASS","FAIL") -> PASS | H19: rejected | I19: Cannot be recovered; reject the booking family
A20: booking_after_journey | B20: bookings | C20: Booking after journey date | D20: 7 | E20: 7 | F20: =SUM(Work_Bookings!$N$2:$N$648) -> 7 | G20: =IF(F20=D20,"PASS","FAIL") -> PASS | H20: rejected | I20: Booking must precede travel (BR-04); the true value is unknown, so reject the booking family
A21: cancellation_before_booking | B21: cancellations | C21: Cancellation before booking | D21: 6 | E21: 6 | F21: =SUM(Work_Cancellations!$I$2:$I$179) -> 6 | G21: =IF(F21=D21,"PASS","FAIL") -> PASS | H21: rejected | I21: Violates BR-12; the true value is unknown, so reject the booking family
A22: booking_status_alias | B22: bookings | C22: Booking status alias | D22: 11 | E22: 11 | F22: =SUM(Work_Bookings!$W$2:$W$648) -> 11 | G22: =IF(F22=D22,"PASS","FAIL") -> PASS | H22: corrected | I22: Map the alias to the canonical status; verified against the passenger roll-up (BR-02)
A23: booking_status_invalid | B23: bookings | C23: Invalid booking status | D23: 8 | E23: 8 | F23: =SUM(Work_Bookings!$X$2:$X$648) -> 8 | G23: =IF(F23=D23,"PASS","FAIL") -> PASS | H23: corrected | I23: Recompute from the passengers' final_status roll-up (BR-02)
A24: passenger_status_alias | B24: booking_passengers | C24: Passenger status alias | D24: 9 | E24: 9 | F24: =SUM(Work_Passengers!$K$2:$K$1336) -> 9 | G24: =IF(F24=D24,"PASS","FAIL") -> PASS | H24: corrected | I24: Map the alias to the canonical status
A25: passenger_final_status_invalid | B25: booking_passengers | C25: Invalid passenger final status | D25: 6 | E25: 6 | F25: =SUM(Work_Passengers!$M$2:$M$1336) -> 6 | G25: =IF(F25=D25,"PASS","FAIL") -> PASS | H25: corrected | I25: Derive from the linked cancellation event: Passenger event -> Cancelled, System event -> Waitlisted (BR-10)
A26: passenger_initial_status_invalid | B26: booking_passengers | C26: Invalid passenger initial status | D26: 6 | E26: 6 | F26: =SUM(Work_Passengers!$L$2:$L$1336) -> 6 | G26: =IF(F26=D26,"PASS","FAIL") -> PASS | H26: rejected | I26: The status at booking time cannot be derived; reject the booking family
A27: orphan_cancellation_rows | B27: cancellations | C27: Cancellation without a valid booking | D27: 6 | E27: 6 | F27: =SUM(Work_Cancellations!$C$2:$C$179) -> 6 | G27: =IF(F27=D27,"PASS","FAIL") -> PASS | H27: rejected | I27: Reject the cancellation row (no valid booking reference)
A28: orphan_passenger_rows | B28: booking_passengers | C28: Passenger without a valid booking | D28: 6 | E28: 6 | F28: =SUM(Work_Passengers!$D$2:$D$1336) -> 6 | G28: =IF(F28=D28,"PASS","FAIL") -> PASS | H28: rejected | I28: Reject the passenger row
A29: refund_exceeds_fare | B29: cancellations | C29: Refund exceeds original fare | D29: 6 | E29: 6 | F29: =SUM(Work_Cancellations!$D$2:$D$179) -> 6 | G29: =IF(F29=D29,"PASS","FAIL") -> PASS | H29: corrected | I29: Recompute refund_amount = original_fare_amount - cancellation_charge (BR-11)
A30: capacity_total_mismatch | B30: seat_capacity | C30: Capacity total inconsistent | D30: 11 | E30: 11 | F30: =SUM(Work_Capacity!$F$2:$F$92) -> 11 | G30: =IF(F30=D30,"PASS","FAIL") -> PASS | H30: corrected | I30: Set total_seats = coaches_attached x seats_per_coach (BR-09)
A31: capacity_seats_per_coach_invalid | B31: seat_capacity | C31: Seats per coach off class standard | D31: 8 | E31: 8 | F31: =SUM(Work_Capacity!$G$2:$G$92) -> 8 | G31: =IF(F31=D31,"PASS","FAIL") -> PASS | H31: corrected | I31: Restore the class-standard seats_per_coach (total_seats already equals coaches x standard)
A32: capacity_conflicting_duplicate | B32: seat_capacity | C32: Conflicting duplicate capacity record | D32: 8 | E32: 8 | F32: =SUM(Work_Capacity!$E$2:$E$92) -> 8 | G32: =IF(F32=D32,"PASS","FAIL") -> PASS | H32: rejected | I32: Keep the internally consistent row; reject the inconsistent one
A33: missing_arrival_delay | B33: train_operations | C33: Missing arrival delay | D33: 8 | E33: 8 | F33: =SUM(Work_Operations!$B$2:$B$56) -> 8 | G33: =IF(F33=D33,"PASS","FAIL") -> PASS | H33: retained | I33: Retain the run with NULL delay; excluded from delay KPIs, never imputed
A34: delay_out_of_range | B34: train_operations | C34: Arrival delay out of range | D34: 8 | E34: 8 | F34: =SUM(Work_Operations!$C$2:$C$56) -> 8 | G34: =IF(F34=D34,"PASS","FAIL") -> PASS | H34: retained | I34: Set to NULL and retain the run; excluded from delay KPIs
C36: Summary | D36: =IF(COUNTIF(G5:G34,"FAIL")=0,"ALL FORMULA COUNTS MATCH ("&COUNTIF(G5:G34,"PASS")&" of 29; 1 manual)","FAILURES: "&COUNTIF(G5:G34,"FAIL")) -> ALL FORMULA COUNTS MATCH (29 of 29; 1 manual)

Sheet Validation_Checks
A1: Validation checks on the cleaned tables
A2: SYNTHETIC DATA. These formulas read Clean_Bookings_Solution and Clean_Passengers_Solution. Paste your own cleaned tables over those sheets (same columns) and every check should read PASS.
A4: # | B4: Check | C4: Result
A5: 1 | B5: No duplicate booking_id in the cleaned bookings | C5: =IF(SUMPRODUCT(--(COUNTIF(Clean_Bookings_Solution!$A$2:$A$608,Clean_Bookings_Solution!$A$2:$A$608)>1))=0,"PASS","FAIL") -> PASS
A6: 2 | B6: No duplicate passenger_id in the cleaned passengers | C6: =IF(SUMPRODUCT(--(COUNTIF(Clean_Passengers_Solution!$A$2:$A$1259,Clean_Passengers_Solution!$A$2:$A$1259)>1))=0,"PASS","FAIL") -> PASS
A7: 3 | B7: Every booking_status is Confirmed, RAC, Waitlisted, Cancelled or Mixed | C7: =IF(SUMPRODUCT(--((Clean_Bookings_Solution!$K$2:$K$608<>"Confirmed")*(Clean_Bookings_Solution!$K$2:$K$608<>"RAC")*(Clean_Bookings_Solution!$K$2:$K$608<>"Waitlisted")*(Clean_Bookings_Solution!$K$2:$K$608<>"Cancelled")*(Clean_Bookings_Solution!$K$2:$K$608<>"Mixed")))=0,"PASS","FAIL") -> PASS
A8: 4 | B8: BR-03: num_passengers equals the passenger rows of each booking | C8: =IF(SUMPRODUCT(--(Clean_Bookings_Solution!$J$2:$J$608<>COUNTIF(Clean_Passengers_Solution!$B$2:$B$1259,Clean_Bookings_Solution!$A$2:$A$608)))=0,"PASS","FAIL") -> PASS
A9: 5 | B9: BR-03: total_fare equals the sum of the passengers' fares | C9: =IF(SUMPRODUCT(--(ABS(Clean_Bookings_Solution!$L$2:$L$608-SUMIF(Clean_Passengers_Solution!$B$2:$B$1259,Clean_Bookings_Solution!$A$2:$A$608,Clean_Passengers_Solution!$E$2:$E$1259))>0.005))=0,"PASS","FAIL") -> PASS
A10: 6 | B10: No passenger without a booking | C10: =IF(SUMPRODUCT(--(COUNTIF(Clean_Bookings_Solution!$A$2:$A$608,Clean_Passengers_Solution!$B$2:$B$1259)=0))=0,"PASS","FAIL") -> PASS
A11: 7 | B11: All fares are positive | C11: =IF(AND(MIN(Clean_Bookings_Solution!$L$2:$L$608)>0,MIN(Clean_Passengers_Solution!$E$2:$E$1259)>0),"PASS","FAIL") -> PASS
A12: 8 | B12: Journey dates are inside 2024-09-01 to 2026-08-31 | C12: =IF(AND(MIN(Clean_Bookings_Solution!$D$2:$D$608)>=DATE(2024,9,1),MAX(Clean_Bookings_Solution!$D$2:$D$608)<=DATE(2026,8,31)),"PASS","FAIL") -> PASS
A13: 9 | B13: BR-04: every booking timestamp is on or before its journey date | C13: =IF(SUMPRODUCT(--(INT(Clean_Bookings_Solution!$I$2:$I$608)>Clean_Bookings_Solution!$D$2:$D$608))=0,"PASS","FAIL") -> PASS
A14: 10 | B14: BR-06: boarding and destination stations differ | C14: =IF(SUMPRODUCT(--(Clean_Bookings_Solution!$F$2:$F$608=Clean_Bookings_Solution!$G$2:$G$608))=0,"PASS","FAIL") -> PASS
A15: 11 | B15: BR-01: passenger statuses are in the allowed domains | C15: =IF(SUMPRODUCT(--((Clean_Passengers_Solution!$G$2:$G$1259<>"Confirmed")*(Clean_Passengers_Solution!$G$2:$G$1259<>"RAC")*(Clean_Passengers_Solution!$G$2:$G$1259<>"Waitlisted")*(Clean_Passengers_Solution!$G$2:$G$1259<>"Cancelled")))=0,"PASS","FAIL") -> PASS
B17: OVERALL | C17: =IF(COUNTIF(C5:C15,"FAIL")=0,"ALL 11 CHECKS PASS","FAILURES: "&COUNTIF(C5:C15,"FAIL")) -> ALL 11 CHECKS PASS

Sheet Lookup_Stations
A1: station_code | B1: station_id | D1: SYNTHETIC reference data.
A2: DEL | B2: 1
A3: JAI | B3: 2
A4: LUC | B4: 3
A5: CHA | B5: 4
A6: AMR | B6: 5
A7: DEH | B7: 6
A8: VAR | B8: 7
A9: JOD | B9: 8
A10: MUM | B10: 9
A11: PUN | B11: 10
A12: AHM | B12: 11
A13: SUR | B13: 12
... A33: DIB | B33: 32

Sheet Lookup_Status
A1: variant (trimmed, lower case) | B1: canonical status | D1: SYNTHETIC reference data.
A2: can | B2: Cancelled
A3: canceled | B3: Cancelled
A4: cancelled | B4: Cancelled
A5: cnf | B5: Confirmed
A6: conf | B6: Confirmed
A7: confirmed | B7: Confirmed
A8: mixed | B8: Mixed
A9: rac | B9: RAC
A10: wait-listed | B10: Waitlisted
A11: waitlist | B11: Waitlisted
A12: waitlisted | B12: Waitlisted
A13: wl | B13: Waitlisted

Sheet Lookup_Class
A1: travel_class | B1: standard seats per coach | D1: SYNTHETIC reference data.
A2: 1A | B2: 24
A3: 2A | B3: 46
A4: 3A | B4: 64
A5: SL | B5: 72
A6: CC | B6: 78
A7: 2S | B7: 108

Sheet Raw_Bookings
A1: booking_id | B1: booking_reference | C1: train_id | D1: journey_date | E1: route_id | F1: boarding_station_code | G1: destination_station_code | H1: travel_class | I1: booking_ts | J1: num_passengers | K1: booking_status | L1: total_fare | M1: data_origin
A2: 1000611 | B2: SB621249971 | C2: 4 | D2: 2024-09-04 | E2: 2 | F2: MAU | G2: DEL | H2: 2S | I2: 2024-06-27 20:12:29 | J2: 4 | K2: Confirmed | L2: 4731 | M2: SYNTHETIC
A3: 1001896 | B3: SB571202856 | C3: 21 | D3: 2024-09-16 | E3: 15 | F3: DEH | G3: PUN | H3: SL | I3: 2024-07-26 15:47:31 | J3: 3 | K3: Confirmed | L3: 3159 | M3: SYNTHETIC
A4: 1002009 | B4: SB522443849 | C4: 31 | D4: 2024-10-15 | F4: MUM | G4: BEN | H4: 2S | I4: 2024-07-28 09:25:14 | J4: 2 | K4: Confirmed | L4: 816 | M4: SYNTHETIC
A5: 1002389 | B5: SB208033029 | C5: 33 | D5: 2024-11-12 | E5: 25 | F5: AHM | G5: CHE | H5: 2S | I5: 2024-08-02 08:15:53 | J5: 2 | K5: Confirmed | L5: 1308 | M5: SYNTHETIC
A6: 1002524 | B6: SB556860764 | C6: 44 | D6: 2024-09-28 | E6: 34 | F6: KOL | G6: HYD | H6: 3A | I6: 2024-08-03 12:31:15 | J6: 2 | K6: Confirmed | L6: 4804 | M6: SYNTHETIC
A7: 1002921 | B7: SB367857881 | C7: 12 | D7: 2024-10-13 | E7: 8 | F7: RAI | G7: JAI | H7: 3A | I7: 2024-08-07 18:54:54 | J7: 2 | K7: Confirmed | L7: 37080 | M7: SYNTHETIC
A8: 1002990 | B8: SB523925390 | C8: 36 | D8: 2024-10-06 | E8: 26 | F8: CHE | G8: AHM | H8: SL | I8: 2024-08-08 12:25:53 | J8: 1 | K8: Confirmed | L8: 1049 | M8: SYNTHETIC
A9: 1003061 | B9: SB988864421 | C9: 30 | D9: 2024-12-04 | E9: 24 | F9: BEN | G9: MUM | H9: 2S | I9: 2024-08-09 07:47:10 | J9: 2 | K9: Confirmed | L9: 1088 | M9: SYNTHETIC
A10: 1003110 | B10: SB056216710 | C10: 4 | D10: 2024-09-04 | E10: 2 | F10: MAU | G10: DEL | H10: 2S | I10: 2024-08-09 15:00:16 | J10: 4 | K10: Confirmed | L10: 5256 | M10: SYNTHETIC
A11: 1003617 | B11: SB855147537 | C11: 46 | D11: 2024-09-20 | E11: 34 | F11: KOL | G11: HYD | H11: 3A | I11: 2024-08-14 02:24:03 | J11: 3 | K11: Confirmed | L11: 7560 | M11: SYNTHETIC
A12: 1003866 | B12: SB809652026 | C12: 5 | D12: 2024-10-07 | E12: 3 | F12: DEL | G12: DIB | H12: 3A | I12: 2024-08-16 08:23:13 | J12: 1 | K12: Confirmed | L12: 3694 | M12: SYNTHETIC
A13: 1004416 | B13: SB749320576 | C13: 20 | D13: 2024-09-17 | E13: 14 | F13: IND | G13: AMR | H13: SL | I13: 2024-08-20 14:22:11 | J13: 1 | K13: Confirmed | L13: 482 | M13: SYNTHETIC
A14: 1004645 | B14: SB615109845 | C14: 3 | D14: 2024-11-19 | E14: 1 | F14: DEL | G14: MAU | H14: 2S | I14: 2024-08-22 09:48:47 | J14: 1 | K14: Confirmed | L14: 1314 | M14: SYNTHETIC
A15: 1004815 | B15: SB869189215 | C15: 20 | D15: 2024-09-17 | E15: 14 | F15: IND | G15: AMR | H15: SL | I15: 2024-08-23 08:38:50 | J15: 1 | K15: Cancelled | L15: 804 | M15: SYNTHETIC
A16: 1004847 | B16: SB811133567 | C16: 17 | D16: 2024-11-06 | E16: 11 | F16: CHA | G16: VIS | H16: 3A | I16: 2024-08-23 11:40:24 | J16: 1 | K16: Cancelled | L16: 3219 | M16: SYNTHETIC
... A33: 1009096 | B33: SB508682056 | C33: 22 | D33: 2024-10-01 | E33: 16 | F33: PUN | G33: DEH | H33: 2A | I33: 2024-09-13 02:30:31 | J33: 2 | K33: Confirmed | L33: 8022 | M33: SYNTHETIC
A34: 1010912 | B34: SB964024032 | C34: 44 | D34: 2024-09-28 | F34: KOL | G34: HYD | H34: 2S | I34: 2024-09-20 17:58:19 | J34: 1 | K34: Waitlisted | L34: 452 | M34: SYNTHETIC
A35: 1011314 | B35: SB047199954 | C35: 31 | D35: 2025-01-07 | E35: 23 | F35: MUM | G35: BEN | H35: 3A | I35: 2024-09-22 09:20:44 | J35: 1 | K35: Cancelled | L35: 1731 | M35: SYNTHETIC
A36: 1011658 | B36: SB173101738 | C36: 1 | D36: 2024-10-31 | E36: 1 | F36: DEL | G36: MAU | H36: 2S | I36: 2024-09-23 16:52:35 | J36: 4 | K36: Confirmed | M36: SYNTHETIC
A37: 1011942 | B37: SB032857862 | C37: 17 | D37: 2024-09-25 | E37: 11 | F37: CHA | G37: VIS | H37: 2S | I37: 2024-09-24 20:51:16 | J37: 1 | K37: N/A | L37: 1008 | M37: SYNTHETIC
A38: 1012042 | B38: SB476433962 | C38: 5 | D38: 2024-12-07 | F38: DEL | G38: DIB | H38: SL | I38: 2024-09-25 11:15:27 | J38: 1 | K38: Confirmed | L38: 1390 | M38: SYNTHETIC
A39: 1012374 | B39: SB749106614 | C39: 20 | D39: 2024-10-29 | E39: 14 | F39: IND | G39: AMR | H39: 3A | I39: 2024-09-26 18:45:24 | J39: 1 | K39: Cancelled | L39: 2130 | M39: SYNTHETIC
A40: 1012464 | B40: SB648325104 | C40: 44 | D40: 2024-09-28 | E40: 34 | F40: KOL | G40: HYD | H40: 3A | I40: 2024-09-27 06:39:12 | J40: 1 | K40: RAC | L40: 2402 | M40: SYNTHETIC
A41: 1012655 | B41: SB645555455 | C41: 36 | D41: 2024-10-06 | E41: 26 | F41: CHE | G41: AHM | H41: SL | I41: 2024-09-27 20:59:36 | J41: 4 | K41: Confirmed | L41: 3776 | M41: SYNTHETIC
A42: 1012794 | B42: SB612126234 | C42: 12 | D42: 2024-10-13 | E42: 8 | F42: RAI | G42: JAI | H42: 2S | I42: 2024-09-28 13:55:29 | J42: 2 | K42: Confirmed | L42: 931 | M42: SYNTHETIC
A43: 1013233 | B43: SB909425313 | C43: 31 | D43: 2024-10-15 | F43: MUM | G43: BEN | H43: SL | I43: 2024-09-30 10:03:22 | J43: 1 | K43: Cancelled | L43: 654 | M43: SYNTHETIC
A44: 1013270 | B44: SB123548470 | C44: 46 | D44: 2024-10-23 | E44: 34 | F44: KOL | G44: HYD | H44: SL | I44: 2024-09-30 13:08:00 | J44: 1 | K44: Cancelled | L44: 950 | M44: SYNTHETIC
A45: 1013494 | B45: SB717158934 | C45: 19 | D45: 2024-11-10 | E45: 13 | F45: AMR | G45: IND | H45: SL | I45: 2024-10-01 10:34:18 | J45: 3 | K45: Confirmed | L45: 2090 | M45: SYNTHETIC
A46: 1013497 | B46: SB680466217 | C46: 33 | D46: 2024-11-12 | E46: 25 | F46: AHM | G46: CHE | H46: 3A | I46: 2024-10-01 10:46:55 | J46: 2 | K46: Mixed | L46: 5568 | M46: SYNTHETIC
A47: 1013731 | B47: SB818434291 | C47: 6 | D47: 2024-11-02 | E47: 4 | F47: DIB | G47: DEL | H47: SL | I47: 2024-10-02 11:33:19 | J47: 3 | K47: Confirmed | L47: 3614 | M47: SYNTHETIC
A48: 1013942 | B48: SB904379862 | C48: 52 | D48: 2024-11-02 | E48: 40 | F48: PAT | G48: VIJ | H48: 3A | I48: 2024-10-03 09:29:38 | J48: 1 | K48: Confirmed | L48: 1358 | M48: SYNTHETIC
A49: 1014041 | B49: SB693520201 | C49: 18 | D49: 2024-10-10 | E49: 12 | F49: VIS | G49: CHA | H49: SL | I49: 2024-10-03 16:51:21 | J49: 2 | K49: Cancelled | L49: 2424 | M49: SYNTHETIC
A50: 1015068 | B50: SB799046748 | C50: 19 | D50: 2024-12-21 | E50: 13 | F50: AMR | G50: IND | H50: 2S | I50: 2024-10-07 17:21:56 | J50: 1 | K50: Confirmed | L50: 668 | M50: SYNTHETIC
A51: 1015189 | B51: SB985773829 | C51: 40 | D51: 2024-10-25 | E51: 30 | F51: THI | G51: NAG | H51: 2A | I51: 2024-10-08 07:15:28 | J51: 3 | K51: Confirmed | L51: 10355 | M51: SYNTHETIC
A52: 1015275 | B52: SB267249275 | C52: 4 | D52: 2024-12-18 | E52: 2 | F52: MAU | G52: DEL | H52: 3A | I52: 2024-10-08 12:06:25 | J52: 2 | K52: Cancelled | L52: 6297 | M52: SYNTHETIC
A53: 1015447 | B53: SB830200167 | C53: 18 | D53: 2024-10-10 | E53: 12 | F53: VIS | G53: CHA | H53: SL | I53: 2024-10-09 05:53:24 | J53: 3 | K53: Mixed | L53: 3636 | M53: SYNTHETIC
A54: 1015771 | B54: SB867386731 | C54: 18 | D54: 2025-01-29 | E54: 12 | F54: VIS | G54: CHA | H54: 3A | I54: 2024-10-10 09:13:17 | J54: 3 | K54: Confirmed | L54: 6438 | M54: SYNTHETIC
A55: 1015789 | B55: SB647230429 | C55: 12 | D55: 2024-10-13 | E55: 8 | F55: RAI | G55: JAI | H55: 3A | I55: 2024-10-10 10:13:21 | J55: 4 | K55: Confirmed | L55: 5934 | M55: SYNTHETIC
... A60: 1017303 | B60: SB462972583 | C60: 48 | D60: 2024-10-21 | E60: 36 | F60: BHU | G60: KOC | H60: 3A | I60: 2024-10-15 17:00:31 | J60: 4 | K60: Confirmed | L60: 12492 | M60: SYNTHETIC
A61: 1017459 | B61: SB554951299 | C61: 28 | D61: 2024-12-07 | E61: 22 | F61: BEN | G61: JOD | H61: 3A | I61: 2024-10-16 09:34:12 | J61: 1 | K61: Confirmed | L61: N/A | M61: SYNTHETIC
A62: 1017579 | B62: SB087242619 | C62: 15 | D62: 2024-10-23 | E62: 9 | F62: LUC | G62: MUM | H62: 2S | I62: 2024-10-16 18:43:26 | J62: 3 | K62: Confirmed | L62: 1981 | M62: SYNTHETIC
A63: 1017595 | B63: SB558214795 | C63: 12 | D63: 2024-12-04 | E63: 8 | F63: rai | G63: jai | H63: 2S | I63: 2024-10-16 19:57:51 | J63: 4 | K63: Confirmed | L63: 2095 | M63: SYNTHETIC
A64: 1018391 | B64: SB489080551 | C64: 16 | D64: 2024-11-15 | E64: 10 | F64: MUM | G64: LUC | H64: 3A | I64: 2024-10-19 20:39:27 | J64: 5 | K64: Confirmed | L64: 11173 | M64: SYNTHETIC
A65: 1019199 | B65: SB273175439 | C65: 4 | D65: 2024-11-03 | E65: 2 | F65: MAU | G65: DEL | H65: SL | I65: 2024-10-22 13:51:19 | J65: 3 | K65: Waitlisted | L65: 4106 | M65: SYNTHETIC
A66: 1019981 | B66: SB041940541 | C66: 40 | D66: 2024-10-25 | E66: 30 | F66: THI | G66: NAG | H66: SL | I66: 2024-10-24 23:15:15 | J66: 2 | K66: Confirmed | L66: 2174 | M66: SYNTHETIC
A67: 1020492 | B67: SB458614412 | C67: 33 | D67: 2024-10-30 | E67: 25 | F67: AHM | G67: CHE | H67: SL | I67: 2024-10-26 20:14:16 | J67: 2 | K67: RAC | L67: 2098 | M67: SYNTHETIC
A68: 1020992 | B68: SB676494912 | C68: 46 | D68: 2024-11-25 | E68: 34 | F68: KOL | G68: HYD | H68: 2A | I68: 2024-10-28 15:01:22 | J68: 2 | K68: Confirmed | L68: 7230 | M68: SYNTHETIC
A69: 1021010 | B69: SB456338610 | C69: 44 | D69: 2024-11-24 | E69: 34 | F69: KOL | G69: HYD | H69: 2S | I69: 2024-10-28 16:10:55 | J69: 1 | K69: Cancelled | L69: 753 | M69: SYNTHETIC
A70: 1021072 | B70: SB031355792 | C70: 46 | D70: 2024-11-25 | E70: 34 | F70: KOL | G70: HYD | H70: 3A | I70: 2024-10-28 19:00:42 | J70: 2 | K70: Confirmed | L70: 5040 | M70: SYNTHETIC
A71: 1021441 | B71: SB518151601 | C71: 32 | D71: 2024-11-18 | E71: 24 | F71: BEN | G71: MUM | H71: SL | I71: 2024-10-30 03:10:00 | J71: 6 | K71: Confirmed | L71: 3663 | M71: SYNTHETIC
A72: 1021854 | B72: SB800120894 | C72: 6 | D72: 2024-11-02 | E72: 4 | F72: DIB | G72: DEL | H72: 2A | I72: 2024-10-31 13:19:27 | J72: 2 | K72: Confirmed | L72: 10606 | M72: SYNTHETIC
A73: 1021946 | B73: SB008210906 | C73: 39 | D73: 2024-11-06 | E73: 29 | F73: NAG | G73: THI | H73: SL | I73: 2024-10-31 20:30:13 | J73: 2 | K73: Cancelled | L73: 2174 | M73: SYNTHETIC
... A87: 1026767 | B87: SB043014687 | C87: 46 | D87: 2024-11-25 | E87: 34 | F87: KOL | G87: HYD | H87: 2A | I87: 2024-11-20 11:56:07 | J87: 1 | K87: Confirmed | L87: 3615 | M87: SYNTHETIC
A88: 1026783 | B88: SB513986863 | C88: 31 | D88: 2025-01-07 | E88: 23 | F88: MUM | G88: BEN | H88: SL | J88: 1 | K88: Confirmed | L88: 654 | M88: SYNTHETIC
A89: 1026979 | B89: SB783396019 | C89: 12 | D89: 2024-12-04 | E89: 8 | F89: RAI | G89: JAI | H89: 2S | I89: 2024-11-21 12:23:07 | J89: 1 | K89: Confirmed | L89: 582 | M89: SYNTHETIC
A90: 1027209 | B90: SB303621049 | C90: 18 | D90: 2024-12-04 | E90: 12 | F90: VIS | G90: CHA | H90: 3A | I90: 2024-11-22 12:39:37 | J90: 2 | K90: Confirmed | L90: 5151 | M90: SYNTHETIC
A91: 1028041 | B91: SB794174201 | C91: 24 | D91: 2025-01-08 | E91: 18 | F91: AHM | G91: VAR | H91: 2A | I91: 2024-11-25 18:54:45 | J91: 1 | K91: Confirmed | L91: 3171 | M91: SYNTHETIC
A92: 1028506 | B92: SB106803066 | C92: 42 | D92: 2024-12-28 | E92: 32 | F92: GUW | G92: BHO | H92: 3A | I92: 2024-11-27 19:44:40 | J92: 2 | K92: Conf | L92: 4805 | M92: SYNTHETIC
A93: 1028750 | B93: SB789128750 | C93: 39 | D93: 2024-12-10 | E93: 29 | F93: NAG | G93: THI | H93: SL | I93: 2024-11-28 20:31:03 | J93: 1 | K93: Cancelled | L93: 1087 | M93: SYNTHETIC
A94: 1029155 | B94: SB835611955 | C94: 29 | D94: 2024-12-24 | E94: 23 | F94: MUM | G94: BEN | H94: 3A | I94: 2024-11-30 16:47:03 | J94: 2 | K94: Confirmed | L94: 3462 | M94: SYNTHETIC
A95: 1029181 | B95: SB850941741 | C95: 26 | D95: 2025-01-26 | E95: 20 | F95: SUR | G95: VAR | H95: SL | I95: 2024-11-30 18:53:02 | J95: 1 | K95: Confirmed | L95: 870 | M95: SYNTHETIC
A96: 1029353 | B96: SB413892633 | C96: 12 | D96: 2024-12-04 | E96: 8 | F96: RAI | G96: JAI | H96: 2S | I96: 2024-12-01 13:18:27 | J96: 2 | K96: Confirmed | L96: 1164 | M96: SYNTHETIC
A97: 1029548 | B97: SB028866028 | C97: 18 | D97: 2024-12-04 | E97: 12 | F97: VIS | G97: CHA | H97: 2S | I97: 2024-12-02 06:42:29 | J97: 2 | K97: Confirmed | L97: 2016 | M97: SYNTHETIC
A98: 1029590 | B98: SB515167990 | C98: 16 | D98: 2025-02-02 | E98: 10 | F98: MUM | G98: LUC | H98: SL | I98: 2024-12-02 09:33:36 | J98: 2 | K98: Confirmed | L98: 1832 | M98: SYNTHETIC
A99: 1029993 | B99: SB252779673 | C99: 8 | D99: 2025-02-19 | E99: 4 | F99: DIB | G99: DEL | H99: SL | I99: 2024-12-03 19:02:09 | J99: 1 | K99: Cancelled | L99: 1325 | M99: SYNTHETIC
A100: 1030387 | B100: SB100469507 | C100: 15 | D100: 2024-12-20 | E100: 9 | F100: LUC | G100: MUM | H100: 2S | I100: 2024-12-05 08:07:45 | J100: 1 | K100: Confirmed | L100: 762 | M100: SYNTHETIC
... A120: 1036026 | B120: SB463725786 | C120: 2 | D120: 2025-01-28 | E120: 2 | F120: MAU | G120: DEL | H120: 2S | I120: 2024-12-27 09:51:05 | J120: 1 | K120: Cancelled | L120: 1379 | M120: SYNTHETIC
A121: 1036697 | B121: SB590121417 | C121: 16 | D121: 2025-04-13 | E121: 10 | F121: MUM | G121: LUC | H121: 3A | I121: 2024-12-29 19:58:50 | J121: 1 | K121: Confirmed | M121: SYNTHETIC
A122: 1036960 | B122: SB706726560 | C122: 31 | D122: 2025-04-22 | E122: 23 | F122: MUM | G122: BEN | H122: 3A | I122: 2024-12-30 19:34:23 | J122: 6 | K122: Confirmed | L122: 8137 | M122: SYNTHETIC
A123: 1036967 | B123: SB287776887 | C123: 4 | D123: 2025-01-01 | E123: 2 | F123: MAU | G123: DEL | H123: SL | I123: 2024-12-30 19:58:30 | J123: 4 | K123: Waitlisted | L123: 6316 | M123: SYNTHETIC
A124: 1037102 | B124: SB636604622 | C124: 42 | D124: 2025-01-18 | E124: 32 | F124: GUW | G124: BHO | H124: 3A | I124: 2024-12-31 10:49:53 | J124: 1 | K124: Confirmed | L124: 3003 | M124: SYNTHETIC
A125: 1037781 | B125: SB998486341 | C125: 36 | D125: 2025-02-15 | E125: 26 | F125: CHE | G125: AHM | H125: 3A | I125: 2025-02-19 09:00:00 | J125: 1 | K125: Confirmed | L125: 2784 | M125: SYNTHETIC
A126: 1037976 | B126: SB613459736 | C126: 2 | D126: 2025-03-04 | E126: 2 | F126: MAU | G126: DEL | H126: 2S | I126: 2025-01-03 17:17:24 | J126: 4 | K126: Confirmed | L126: 4827 | M126: SYNTHETIC
A127: 1038246 | B127: SB311115206 | C127: 44 | D127: 2025-01-19 | E127: 34 | F127: KOL | G127: HYD | H127: SL | I127: 2025-01-04 20:08:11 | J127: two | K127: Cancelled | L127: 3171 | M127: SYNTHETIC
A128: 1038289 | B128: SB451852929 | C128: 5 | D128: 2025-01-15 | E128: 3 | F128: DEL | G128: DIB | H128: SL | I128: 2025-01-05 01:48:50 | J128: 1 | K128: Confirmed | L128: 1390 | M128: SYNTHETIC
A129: 1038662 | B129: SB556391782 | C129: 18 | D129: 2025-01-29 | E129: 12 | F129: VIS | G129: CHA | H129: 3A | I129: 2025-01-06 13:36:02 | J129: 2 | K129: Confirmed | L129: 6438 | M129: SYNTHETIC
A130: 1038708 | B130: SB660436788 | C130: 29 | D130: 2025-02-23 | E130: 23 | F130: MUM | G130: BEN | H130: SL | I130: 2025-01-06 16:51:39 | J130: 1 | K130: Cancelled | L130: 654 | M130: SYNTHETIC
A131: 1038813 | B131: SB376191693 | C131: 31 | D131: 2025-01-07 | E131: 23 | F131: MUM | G131: BEN | H131: 2S | I131: 2025-01-06 22:22:46 | J131: 4 | K131: Cancelled | L131: 1686 | M131: SYNTHETIC
A132: 1041015 | B132: SB443737415 | C132: 8 | D132: 2025-04-24 | E132: 4 | F132: DIB | G132: DEL | H132: 2S | I132: 2025-01-16 09:06:54 | J132: 1 | K132: Confirmed | M132: SYNTHETIC
A133: 1041254 | B133: SB853884294 | C133: 41 | D133: 2025-02-10 | E133: 31 | F133: BHO | G133: GUW | H133: 3A | I133: 2025-01-17 07:20:52 | J133: 2 | K133: Confirmed | L133: 6006 | M133: SYNTHETIC
A134: 1041316 | B134: SB428901476 | C134: 44 | D134: 2025-01-19 | E134: 34 | F134: KOL | G134: HYD | H134: 3A | I134: 2025-01-17 10:38:47 | J134: 2 | K134: RAC | L134: 2882 | M134: SYNTHETIC
A135: 1041842 | B135: SB662111762 | C135: 2 | D135: 2025-02-05 | E135: 2 | F135: MAU | G135: DEL | H135: 3A | I135: 2025-01-19 08:27:10 | J135: two | K135: Confirmed | L135: 2644 | M135: SYNTHETIC
A136: 1042485 | B136: SB464306085 | C136: 31 | D136: 2025-03-11 | E136: 23 | F136: MUM | G136: BEN | H136: 3A | I136: 2025-01-21 14:09:00 | J136: 1 | K136: Confirmed | L136: 1731 | M136: SYNTHETIC
A137: 1042637 | B137: SB938541757 | C137: 43 | D137: 2025-01-24 | E137: 33 | F137: HYD | G137: KOL | H137: SL | I137: 2025-01-22 05:27:51 | J137: 1 | K137: Confirmed | L137: 906 | M137: SYNTHETIC
A138: 1043064 | B138: SB382611704 | C138: 35 | D138: 2025-01-27 | E138: 25 | F138: AHM | G138: CHE | H138: SL | I138: 2025-01-23 17:27:50 | J138: 1 | K138: Confirmed | L138: 1049 | M138: SYNTHETIC
A139: 1043917 | B139: SB616315837 | C139: 30 | D139: 2025-02-19 | E139: 24 | F139: BEN | G139: MUM | H139: SL | I139: 2025-01-26 13:13:04 | J139: 1 | K139: Confirmed | L139: 654 | M139: SYNTHETIC
A140: 1044066 | B140: SB127244226 | C140: 19 | D140: 2025-04-06 | E140: 13 | F140: AMR | G140: IND | H140: 2S | I140: 2025-01-26 20:55:14 | J140: 2 | K140: Cancelled | L140: 1002 | M140: SYNTHETIC
A141: 1044512 | B141: SB005593632 | C141: 43 | D141: 2025-05-16 | E141: 33 | F141: HYD | G141: KOL | H141: 3A | I141: 2025-01-28 17:03:33 | J141: 1 | K141: Confirmed | L141: 2402 | M141: SYNTHETIC
A142: 1046011 | B142: SB004799371 | C142: 45 | D142: 2025-02-24 | E142: 33 | F142: HYD | G142: KOL | H142: 2S | I142: 2025-02-03 10:20:18 | J142: 1 | K142: Cancelled | L142: -790 | M142: SYNTHETIC
A143: 1046029 | B143: SB784643069 | C143: 13 | D143: 2025-03-05 | E143: 9 | F143: LUC | G143: MUM | H143: 1A | I143: 2025-02-03 11:45:20 | J143: 1 | K143: Confirmed | M143: SYNTHETIC
A144: 1046157 | B144: SB552420477 | C144: 38 | D144: 2025-03-08 | E144: 28 | F144: MAU | G144: MAD | H144: SL | I144: 2025-02-03 19:49:42 | J144: 1 | K144: Confirmed | L144: 607 | M144: SYNTHETIC
A145: 1046198 | B145: SB384286678 | C145: 30 | D145: 2025-02-19 | E145: 24 | F145: BEN | G145: MUM | H145: SL | I145: 2025-02-03 21:47:24 | J145: 2 | K145: Confirmed | L145: 1308 | M145: SYNTHETIC
A146: 1046233 | B146: SB289538313 | C146: 23 | D146: 2025-02-18 | E146: 17 | F146: VAR | G146: AHM | H146: SL | I146: 2025-02-04 04:06:20 | J146: 2 | K146: Confirmed | L146: 1335 | M146: SYNTHETIC
A147: 1046536 | B147: SB583573896 | C147: 31 | D147: 2025-03-11 | E147: 23 | F147: MUM | G147: BEN | H147: 2S | I147: 2025-02-05 06:31:55 | J147: 2 | K147: Confirmed | L147: 1088 | M147: SYNTHETIC
A148: 1047713 | B148: SB854464593 | C148: 36 | D148: 2025-03-24 | E148: 26 | F148: CHE | G148: AHM | H148: SL | I148: 2025-02-09 08:09:05 | J148: 2 | K148: Confirmed | L148: 1573 | M148: SYNTHETIC
A149: 1048875 | B149: SB308818875 | C149: 13 | D149: 2025-03-05 | E149: 9 | F149: LUC | G149: MUM | H149: 3A | I149: 2025-02-12 21:58:53 | J149: two | K149: Confirmed | L149: 9078 | M149: SYNTHETIC
A150: 1048994 | B150: SB186674434 | C150: 15 | D150: 2025-04-18 | E150: 9 | F150: LUC | G150: MUM | H150: 2S | I150: 2025-02-13 10:47:01 | J150: 2 | K150: Mixed | L150: 1524 | M150: SYNTHETIC
A151: 1049353 | B151: SB129112633 | C151: 33 | D151: 2025-02-19 | E151: 25 | F151: AHM | G151: CHE | H151: SL | I151: 2025-02-14 12:57:03 | J151: 2 | K151: Confirmed | L151: 2098 | M151: SYNTHETIC
A152: 1050196 | B152: SB818459156 | C152: 43 | D152: 2025-02-19 | E152: 33 | F152: HYD | G152: KOL | H152: 3A | I152: 2025-02-16 20:45:28 | J152: 1 | K152: Waitlisted | L152: 2402 | M152: SYNTHETIC
...

Sheet Raw_Passengers
A1: passenger_id | B1: booking_id | C1: passenger_seq | D1: age_band | E1: fare_amount | F1: initial_status | G1: final_status | H1: cancellation_id | I1: data_origin
A2: 1257 | B2: 1000611 | C2: 1 | D2: Adult | E2: 1314 | F2: Confirmed | G2: Confirmed | I2: SYNTHETIC
A3: 1258 | B3: 1000611 | C3: 2 | D3: Adult | E3: 1314 | F3: Confirmed | G3: Confirmed | I3: SYNTHETIC
A4: 1259 | B4: 1000611 | C4: 3 | D4: Adult | E4: 1314 | F4: Confirmed | G4: Confirmed | I4: SYNTHETIC
A5: 1260 | B5: 1000611 | C5: 4 | D5: Senior | E5: 789 | F5: Confirmed | G5: Confirmed | I5: SYNTHETIC
A6: 3797 | B6: 1001896 | C6: 1 | D6: Adult | E6: 1053 | F6: Confirmed | G6: Confirmed | I6: SYNTHETIC
A7: 3798 | B7: 1001896 | C7: 2 | D7: Adult | E7: 1053 | F7: Confirmed | G7: Confirmed | I7: SYNTHETIC
A8: 3799 | B8: 1001896 | C8: 3 | D8: Adult | E8: 1053 | F8: Confirmed | G8: Confirmed | I8: SYNTHETIC
A9: 4015 | B9: 1002009 | C9: 1 | D9: Adult | E9: 544 | F9: Confirmed | G9: Confirmed | I9: SYNTHETIC
A10: 4016 | B10: 1002009 | C10: 2 | D10: Child | E10: 272 | F10: Confirmed | G10: Confirmed | I10: SYNTHETIC
A11: 4783 | B11: 1002389 | C11: 1 | D11: Adult | E11: 872 | F11: Confirmed | G11: Confirmed | I11: SYNTHETIC
A12: 4784 | B12: 1002389 | C12: 2 | D12: Child | E12: 436 | F12: Confirmed | G12: Confirmed | I12: SYNTHETIC
A13: 5077 | B13: 1002524 | C13: 1 | D13: Adult | E13: 2402 | F13: Confirmed | G13: Confirmed | I13: SYNTHETIC
... A29: 9483 | B29: 1004645 | C29: 1 | D29: Adult | E29: 1314 | F29: Confirmed | G29: Confirmed | I29: SYNTHETIC
A30: 9822 | B30: 1004815 | C30: 1 | D30: Adult | E30: 804 | F30: Confirmed | G30: Cancelled | H30: 776 | I30: SYNTHETIC
A31: 9892 | B31: 1004847 | C31: 1 | D31: Adult | E31: 3219 | F31: Confirmed | G31: Cancelled | H31: 2735 | I31: SYNTHETIC
A32: 10555 | B32: 1005162 | C32: 1 | D32: Adult | E32: 1854 | F32: Confirmed | G32: Confirmed | I32: SYNTHETIC
A33: 11394 | B33: 1005562 | C33: 1 | D33: Adult | E33: 870 | F33: Confirmed | G33: Confirmed | I33: SYNTHETIC
A34: 11395 | B34: 1005562 | C34: 2 | D34: Senior | E34: 522 | F34: Confirmed | G34: Confirmed | I34: SYNTHETIC
A35: 11428 | B35: 1005583 | C35: 1 | D35: Adult | E35: 1390 | F35: Confirmed | G35: Confirmed | I35: SYNTHETIC
A36: 12364 | B36: 1006037 | C36: 1 | D36: Adult | E36: 2211 | F36: Confirmed | G36: Confirmed | I36: SYNTHETIC
A37: 12365 | B37: 1006037 | C37: 2 | D37: Adult | E37: 2211 | F37: Confirmed | G37: Confirmed | I37: SYNTHETIC
A38: 12366 | B38: 1006037 | C38: 3 | D38: Adult | E38: 2211 | F38: Confirmed | G38: Confirmed | I38: SYNTHETIC
A39: 13013 | B39: 1006359 | C39: 1 | D39: Senior | E39: 393 | F39: Confirmed | G39: Cancelled | H39: 629 | I39: SYNTHETIC
A40: 13257 | B40: 1006475 | C40: 1 | D40: Adult | E40: 833 | F40: Confirmed | G40: Confirmed | I40: SYNTHETIC
A41: 13258 | B41: 1006475 | C41: 2 | D41: Adult | E41: 833 | F41: Confirmed | G41: Confirmed | I41: SYNTHETIC
A42: 13659 | B42: 1006678 | C42: 1 | D42: Adult | E42: 1176 | F42: Confirmed | G42: Confirmed | I42: SYNTHETIC
A43: 13660 | B43: 1006678 | C43: 2 | D43: Child | E43: 588 | F43: Confirmed | G43: Confirmed | I43: SYNTHETIC
A44: 13661 | B44: 1006678 | C44: 3 | D44: Child | E44: 588 | F44: Confirmed | G44: Confirmed | I44: SYNTHETIC
A45: 13662 | B45: 1006678 | C45: 4 | D45: Adult | E45: 1176 | F45: Confirmed | G45: Confirmed | I45: SYNTHETIC
A46: 13663 | B46: 1006678 | C46: 5 | D46: Adult | E46: 1176 | F46: Confirmed | G46: Confirmed | I46: SYNTHETIC
A47: 13664 | B47: 1006678 | C47: 6 | D47: Adult | E47: 1176 | F47: Confirmed | G47: Confirmed | I47: SYNTHETIC
A48: 13672 | B48: 1006682 | C48: 1 | D48: Adult | E48: 1390 | F48: Confirmed | G48: Confirmed | I48: SYNTHETIC
A49: 13673 | B49: 1006682 | C49: 2 | D49: Child | E49: 695 | F49: Confirmed | G49: Confirmed | I49: SYNTHETIC
A50: 13674 | B50: 1006682 | C50: 3 | D50: Child | E50: 695 | F50: Confirmed | G50: Confirmed | I50: SYNTHETIC
A51: 13675 | B51: 1006682 | C51: 4 | D51: Adult | E51: 1390 | F51: Confirmed | G51: Confirmed | I51: SYNTHETIC
A52: 13715 | B52: 1006706 | C52: 1 | D52: Adult | E52: 753 | F52: Confirmed | G52: #N/A | H52: 1069 | I52: SYNTHETIC
A53: 14078 | B53: 1006886 | C53: 1 | D53: Adult | E53: 2429 | F53: Confirmed | G53: Confirmed | I53: SYNTHETIC
A54: 15276 | B54: 1007455 | C54: 1 | D54: Adult | E54: 854 | F54: Confirmed | G54: Confirmed | I54: SYNTHETIC
A55: 15602 | B55: 1007632 | C55: 1 | D55: Adult | E55: 3694 | F55: Confirmed | G55: Confirmed | I55: SYNTHETIC
A56: 15603 | B56: 1007632 | C56: 2 | D56: Adult | E56: 3694 | F56: Confirmed | G56: Confirmed | I56: SYNTHETIC
A57: 15673 | B57: 1007669 | C57: 1 | E57: 2795 | F57: Confirmed | G57: Confirmed | I57: SYNTHETIC
A58: 15674 | B58: 1007669 | C58: 2 | D58: Adult | E58: 2795 | F58: Confirmed | G58: Confirmed | I58: SYNTHETIC
A59: 16793 | B59: 1008214 | C59: 1 | D59: Senior | E59: 501 | F59: Confirmed | G59: Confirmed | I59: SYNTHETIC
A60: 16794 | B60: 1008214 | C60: 2 | D60: Adult | E60: 834 | F60: Confirmed | G60: Confirmed | I60: SYNTHETIC
A61: 16795 | B61: 1008214 | C61: 3 | D61: Adult | E61: 834 | F61: Confirmed | G61: Confirmed | I61: SYNTHETIC
A62: 18053 | B62: 1008844 | C62: 1 | D62: Adult | E62: 834 | F62: Confirmed | G62: Confirmed | I62: SYNTHETIC
A63: 18054 | B63: 1008844 | C63: 2 | D63: Adult | E63: 834 | F63: Confirmed | G63: Cancelled | H63: 2080 | I63: SYNTHETIC
A64: 18055 | B64: 1008844 | C64: 3 | D64: Adult | E64: 834 | F64: Confirmed | G64: Cancelled | H64: 2080 | I64: SYNTHETIC
A65: 18092 | B65: 1008865 | C65: 1 | D65: Adult | E65: 3026 | F65: Confirmed | G65: Confirmed | I65: SYNTHETIC
A66: 18529 | B66: 1009096 | C66: 1 | D66: Adult | E66: 4011 | F66: Confirmed | G66: Confirmed | I66: SYNTHETIC
A67: 18530 | B67: 1009096 | C67: 2 | D67: Adult | E67: 4011 | F67: Confirmed | G67: Confirmed | I67: SYNTHETIC
A68: 22226 | B68: 1010912 | C68: 1 | D68: Senior | E68: 452 | F68: Waitlisted | G68: Waitlisted | H68: 1514 | I68: SYNTHETIC
A69: 23043 | B69: 1011314 | C69: 1 | D69: Adult | E69: 1731 | F69: Confirmed | G69: Cancelled | H69: 6520 | I69: SYNTHETIC
A70: 23745 | B70: 1011658 | C70: 1 | D70: Adult | E70: 1379 | F70: Confirmed | G70: Confirmed | I70: SYNTHETIC
A71: 23746 | B71: 1011658 | C71: 2 | D71: Adult | E71: 1379 | F71: Confirmed | G71: Confirmed | I71: SYNTHETIC
A72: 23747 | B72: 1011658 | C72: 3 | D72: Adult | E72: 1379 | F72: Confirmed | G72: Confirmed | I72: SYNTHETIC
A73: 23748 | B73: 1011658 | C73: 4 | D73: Adult | E73: 1379 | F73: Confirmed | G73: Confirmed | I73: SYNTHETIC
A74: 24309 | B74: 1011942 | C74: 1 | D74: Adult | E74: 1008 | F74: Confirmed | G74: Confirmed | I74: SYNTHETIC
A75: 24490 | B75: 1012042 | C75: 1 | D75: Adult | E75: 1390 | F75: Confirmed | G75: Confirmed | I75: SYNTHETIC
A76: 25179 | B76: 1012374 | C76: 1 | D76: Adult | E76: 2130 | F76: Confirmed | G76: Cancelled | H76: 2515 | I76: SYNTHETIC
A77: 25363 | B77: 1012464 | C77: 1 | D77: Adult | E77: 2402 | F77: RAC | G77: RAC | I77: SYNTHETIC
A78: 25722 | B78: 1012655 | C78: 1 | D78: Adult | E78: 1049 | F78: TBD | G78: Confirmed | I78: SYNTHETIC
A79: 25723 | B79: 1012655 | C79: 2 | D79: Adult | E79: 1049 | F79: Confirmed | G79: Confirmed | I79: SYNTHETIC
A80: 25724 | B80: 1012655 | C80: 3 | D80: Senior | E80: 629 | F80: Confirmed | G80: Confirmed | I80: SYNTHETIC
A81: 25725 | B81: 1012655 | C81: 4 | D81: Adult | E81: 1049 | F81: Confirmed | G81: Confirmed | I81: SYNTHETIC
A82: 25986 | B82: 1012794 | C82: 1 | D82: Adult | E82: 582 | F82: Confirmed | G82: Confirmed | I82: SYNTHETIC
A83: 25987 | B83: 1012794 | C83: 2 | D83: Senior | E83: 349 | F83: Confirmed | G83: Confirmed | I83: SYNTHETIC
A84: 26888 | B84: 1013233 | C84: 1 | D84: Adult | E84: 654 | F84: Confirmed | G84: Cancelled | H84: 1680 | I84: SYNTHETIC
A85: 26961 | B85: 1013270 | C85: 1 | D85: Adult | E85: 950 | F85: Confirmed | G85: Cancelled | H85: 1729 | I85: SYNTHETIC
A86: 27417 | B86: 1013494 | C86: 1 | D86: Adult | E86: 804 | F86: Confirmed | G86: Confirmed | I86: SYNTHETIC
A87: 27418 | B87: 1013494 | C87: 2 | D87: Senior | E87: 482 | F87: Confirmed | G87: Confirmed | I87: SYNTHETIC
A88: 27419 | B88: 1013494 | C88: 3 | D88: Adult | E88: 804 | F88: Confirmed | G88: Confirmed | I88: SYNTHETIC
A89: 27422 | B89: 1013497 | C89: 1 | D89: Adult | E89: 2784 | F89: Confirmed | G89: Confirmed | I89: SYNTHETIC
A90: 27423 | B90: 1013497 | C90: 2 | D90: Adult | E90: 2784 | F90: Confirmed | G90: Cancelled | H90: 2032 | I90: SYNTHETIC
A91: 27897 | B91: 1013731 | C91: 1 | D91: Adult | E91: 1390 | F91: Confirmed | G91: Confirmed | I91: SYNTHETIC
A92: 27898 | B92: 1013731 | C92: 2 | D92: Senior | E92: 834 | F92: Confirmed | G92: Confirmed | I92: SYNTHETIC
A93: 27899 | B93: 1013731 | C93: 3 | D93: Adult | E93: 1390 | F93: Confirmed | G93: Confirmed | I93: SYNTHETIC
A94: 28319 | B94: 1013942 | C94: 1 | D94: Senior | E94: 1358 | F94: Confirmed | G94: Confirmed | I94: SYNTHETIC
A95: 28509 | B95: 1014041 | C95: 1 | D95: Adult | E95: 1212 | F95: Confirmed | G95: Cancelled | H95: 1828 | I95: SYNTHETIC
A96: 28510 | B96: 1014041 | C96: 2 | D96: Adult | E96: 1212 | F96: Confirmed | G96: Cancelled | H96: 1828 | I96: SYNTHETIC
A97: 30557 | B97: 1015068 | C97: 1 | D97: Adult | E97: 668 | F97: Confirmed | G97: Confirmed | I97: SYNTHETIC
A98: 30798 | B98: 1015189 | C98: 1 | D98: Adult | E98: 4142 | F98: Confirmed | G98: Confirmed | I98: SYNTHETIC
A99: 30799 | B99: 1015189 | C99: 2 | D99: Adult | E99: 4142 | F99: Confirmed | G99: Confirmed | I99: SYNTHETIC
A100: 30800 | B100: 1015189 | C100: 3 | D100: Child | E100: 2071 | F100: Confirmed | G100: Confirmed | I100: SYNTHETIC
A101: 30964 | B101: 1015275 | C101: 1 | D101: Adult | E101: 4198 | F101: Confirmed | G101: Cancelled | H101: 4488 | I101: SYNTHETIC
A102: 30965 | B102: 1015275 | C102: 2 | D102: Child | E102: 2099 | F102: Confirmed | G102: Cancelled | H102: 4488 | I102: SYNTHETIC
A103: 31307 | B103: 1015447 | C103: 1 | D103: Adult | E103: 1212 | F103: Confirmed | G103: Cancelled | H103: 1950 | I103: SYNTHETIC
A104: 31308 | B104: 1015447 | C104: 2 | D104: Adult | E104: 1212 | F104: Confirmed | G104: Confirmed | I104: SYNTHETIC
A105: 31309 | B105: 1015447 | C105: 3 | D105: Adult | E105: 1212 | F105: Confirmed | G105: Confirmed | I105: SYNTHETIC
A106: 31957 | B106: 1015771 | C106: 1 | D106: Adult | E106: 3219 | F106: Confirmed | G106: Confirmed | I106: SYNTHETIC
A107: 31958 | B107: 1015771 | C107: 2 | D107: Adult | E107: 3219 | F107: Confirmed | G107: Confirmed | I107: SYNTHETIC
A108: 31995 | B108: 1015789 | C108: 1 | D108: Adult | E108: 1854 | F108: Confirmed | G108: Confirmed | I108: SYNTHETIC
A109: 31996 | B109: 1015789 | C109: 2 | D109: Adult | E109: 1854 | F109: Confirmed | G109: Confirmed | I109: SYNTHETIC
A110: 31997 | B110: 1015789 | C110: 3 | D110: Senior | E110: 1113 | F110: Confirmed | G110: Confirmed | I110: SYNTHETIC
A111: 31998 | B111: 1015789 | C111: 4 | D111: Senior | E111: 1113 | F111: Confirmed | G111: Confirmed | I111: SYNTHETIC
A112: 32076 | B112: 1015827 | C112: 1 | D112: Adult | E112: 2211 | F112: Confirmed | G112: Confirmed | I112: SYNTHETIC
A113: 33872 | B113: 1016727 | C113: 1 | D113: Senior | E113: 549 | F113: Confirmed | G113: Confirmed | I113: SYNTHETIC
A114: 34059 | B114: 1016823 | C114: 1 | D114: Adult | E114: 3302 | F114: Confirmed | G114: Confirmed | I114: SYNTHETIC
A115: 34060 | B115: 1016823 | C115: 2 | D115: Adult | E115: 3302 | F115: Confirmed | G115: Confirmed | I115: SYNTHETIC
...

Sheet Raw_Cancellations
A1: cancellation_id | B1: booking_id | C1: cancellation_ts | D1: cancellation_type | E1: status_at_cancellation | F1: cancelled_passengers | G1: original_fare_amount | H1: cancellation_charge | I1: refund_amount | J1: data_origin
A2: 629 | B2: 1006359 | C2: 2024-09-03 23:49:58 | D2: Passenger | E2: Confirmed | F2: 1 | G2: 393 | H2: 120 | I2: 273 | J2: SYNTHETIC
A3: 776 | B3: 1004815 | C3: 2024-09-09 06:08:16 | D3: Passenger | E3: Confirmed | F3: 1 | G3: 804 | H3: 120 | I3: 684 | J3: SYNTHETIC
A4: 1069 | B4: 1006706 | C4: 2024-09-19 21:36:13 | D4: Passenger | E4: Confirmed | F4: 1 | G4: 753 | H4: 60 | I4: 693 | J4: SYNTHETIC
A5: 1514 | B5: 1010912 | C5: 2024-09-28 15:15:00 | D5: System | E5: Waitlisted | F5: 1 | G5: 452 | H5: 30 | I5: 422 | J5: SYNTHETIC
A6: 1680 | B6: 1013233 | C6: 2024-10-02 15:45:19 | D6: Passenger | E6: Confirmed | F6: 1 | G6: 654 | H6: 120 | I6: 534 | J6: SYNTHETIC
A7: 1729 | B7: 1013270 | C7: 2024-10-04 03:51:20 | D7: Passenger | E7: Confirmed | F7: 1 | G7: 950 | H7: 120 | I7: 830 | J7: SYNTHETIC
A8: 1828 | B8: 1014041 | C8: 2024-10-02 11:51:21 | D8: Passenger | E8: Confirmed | F8: 2 | G8: 2424 | H8: 240 | I8: 2184 | J8: SYNTHETIC
A9: 1950 | B9: 1015447 | C9: 2024-10-09 19:38:25 | D9: Passenger | E9: Confirmed | F9: 1 | G9: 1212 | H9: 606 | I9: 606 | J9: SYNTHETIC
A10: 2032 | B10: 1013497 | C10: 2024-10-11 19:12:36 | D10: Passenger | E10: Confirmed | F10: 1 | G10: 2784 | H10: 180 | I10: 2604 | J10: SYNTHETIC
A11: 2080 | B11: 1008844 | C11: 2024-10-12 14:59:02 | D11: Passenger | E11: Confirmed | F11: 2 | G11: 1668 | H11: 417 | I11: 1251 | J11: SYNTHETIC
A12: 2515 | B12: 1012374 | C12: 2024-10-22 01:32:31 | D12: Passenger | E12: Confirmed | F12: 1 | G12: 2130 | H12: 180 | I12: 1950 | J12: SYNTHETIC
A13: 2735 | B13: 1004847 | C13: 2024-10-25 04:32:00 | D13: Passenger | E13: Confirmed | F13: 1 | G13: 3219 | H13: 180 | I13: 3039 | J13: SYNTHETIC
... A179: 44220 | B179: 9000123 | C179: 2026-05-31 15:15:00 | D179: System | E179: Waitlisted | F179: 4 | G179: 2711 | H179: 120 | I179: 2591 | J179: SYNTHETIC

Sheet Raw_Capacity
A1: capacity_id | B1: train_id | C1: journey_date | D1: travel_class | E1: coaches_attached | F1: seats_per_coach | G1: total_seats | H1: rac_berths | I1: wl_limit | J1: data_origin
A2: 43 | B2: 25 | C2: 2024-09-24 | D2: 2A | E2: 1 | F2: 46 | G2: 46 | H2: 5 | I2: 14 | J2: SYNTHETIC
A3: 124 | B3: 2 | C3: 2024-10-23 | D3: SL | E3: 3 | F3: 72 | G3: 216 | H3: 24 | I3: 65 | J3: SYNTHETIC
A4: 135 | B4: 46 | C4: 2024-10-23 | D4: 2A | E4: 2 | F4: 46 | G4: 92 | H4: 10 | I4: 28 | J4: SYNTHETIC
A5: 139 | B5: 23 | C5: 2024-10-17 | D5: 3A | E5: 3 | F5: 64 | G5: 192 | H5: 21 | I5: 58 | J5: SYNTHETIC
A6: 141 | B6: 38 | C6: 2024-10-12 | D6: 2A | E6: 1 | F6: 46 | G6: 46 | H6: 5 | I6: 14 | J6: SYNTHETIC
A7: 149 | B7: 7 | C7: 2024-10-24 | D7: SL | E7: 2 | F7: 72 | G7: 144 | H7: 16 | I7: 43 | J7: SYNTHETIC
A8: 153 | B8: 47 | C8: 2024-10-24 | D8: 3A | E8: 2 | F8: 64 | G8: 128 | H8: 14 | I8: 38 | J8: SYNTHETIC
A9: 203 | B9: 31 | C9: 2024-11-19 | D9: 3A | E9: 2 | F9: 64 | G9: 128 | H9: 14 | I9: 38 | J9: SYNTHETIC
A10: 216 | B10: 38 | C10: 2024-11-30 | D10: 3A | E10: 3 | F10: 64 | G10: 192 | H10: 21 | I10: 58 | J10: SYNTHETIC
A11: 264 | B11: 19 | C11: 2024-11-10 | D11: SL | E11: 4 | F11: 72 | G11: 288 | H11: 32 | I11: 86 | J11: SYNTHETIC
A12: 286 | B12: 23 | C12: 2024-11-22 | D12: SL | E12: 2 | F12: 78 | G12: 144 | H12: 16 | I12: 43 | J12: SYNTHETIC
A13: 308 | B13: 49 | C13: 2024-12-10 | D13: 3A | E13: 3 | F13: 64 | G13: 192 | H13: 21 | I13: 58 | J13: SYNTHETIC
... A92: 2303 | B92: 4 | C92: 2024-12-18 | D92: 3A | E92: 3 | F92: 64 | G92: 162 | H92: 21 | I92: 58 | J92: SYNTHETIC

Sheet Raw_Operations
A1: operation_id | B1: train_id | C1: run_date | D1: departure_delay_min | E1: arrival_delay_min | F1: data_origin
A2: 12 | B2: 23 | C2: 2024-09-27 | D2: 15 | E2: 38 | F2: SYNTHETIC
A3: 17 | B3: 38 | C3: 2024-09-07 | D3: -3 | F3: SYNTHETIC
A4: 44 | B4: 5 | C4: 2024-10-07 | D4: -7 | E4: 10 | F4: SYNTHETIC
A5: 45 | B5: 13 | C5: 2024-10-27 | D5: -9 | E5: -10 | F5: SYNTHETIC
A6: 57 | B6: 27 | C6: 2024-10-24 | D6: 2 | E6: 6 | F6: SYNTHETIC
A7: 59 | B7: 36 | C7: 2024-10-06 | D7: 1 | E7: 5000 | F7: SYNTHETIC
A8: 73 | B8: 38 | C8: 2024-11-30 | D8: 2 | E8: -4 | F8: SYNTHETIC
A9: 74 | B9: 52 | C9: 2024-11-02 | D9: 15 | E9: 36 | F9: SYNTHETIC
A10: 93 | B10: 18 | C10: 2024-11-27 | D10: 2 | E10: 4 | F10: SYNTHETIC
A11: 100 | B11: 35 | C11: 2024-12-02 | D11: 0 | E11: 2 | F11: SYNTHETIC
A12: 130 | B12: 1 | C12: 2025-01-05 | D12: 41 | F12: SYNTHETIC
A13: 161 | B13: 46 | C13: 2025-02-17 | D13: 31 | E13: 51 | F13: SYNTHETIC
A14: 168 | B14: 22 | C14: 2025-02-05 | D14: -1 | E14: -7 | F14: SYNTHETIC
A15: 173 | B15: 36 | C15: 2025-02-15 | D15: 19 | E15: 59 | F15: SYNTHETIC
A16: 176 | B16: 39 | C16: 2025-02-21 | D16: -5 | E16: -12 | F16: SYNTHETIC
A17: 195 | B17: 13 | C17: 2025-03-05 | D17: -1 | E17: 2 | F17: SYNTHETIC
A18: 217 | B18: 14 | C18: 2025-03-23 | D18: 2 | F18: SYNTHETIC
A19: 230 | B19: 43 | C19: 2025-04-17 | D19: -10 | E19: -3 | F19: SYNTHETIC
A20: 242 | B20: 34 | C20: 2025-04-14 | D20: -2 | E20: 0 | F20: SYNTHETIC
A21: 248 | B21: 26 | C21: 2025-04-27 | D21: -7 | E21: -999 | F21: SYNTHETIC
A22: 260 | B22: 30 | C22: 2025-05-14 | D22: 13 | E22: 27 | F22: SYNTHETIC
A23: 289 | B23: 45 | C23: 2025-06-23 | D23: 95 | E23: 143 | F23: SYNTHETIC
A24: 299 | B24: 36 | C24: 2025-06-13 | D24: -6 | E24: -11 | F24: SYNTHETIC
A25: 313 | B25: 17 | C25: 2025-06-25 | D25: 3 | E25: 15 | F25: SYNTHETIC
A26: 321 | B26: 29 | C26: 2025-07-13 | D26: -2 | E26: -5 | F26: SYNTHETIC
A27: 328 | B27: 52 | C27: 2025-07-12 | D27: -5 | E27: -2 | F27: SYNTHETIC
A28: 344 | B28: 49 | C28: 2025-07-15 | D28: 71 | E28: 155 | F28: SYNTHETIC
A29: 364 | B29: 37 | C29: 2025-08-02 | D29: -6 | F29: SYNTHETIC
A30: 384 | B30: 36 | C30: 2025-08-12 | D30: 34 | E30: 111 | F30: SYNTHETIC
A31: 411 | B31: 27 | C31: 2025-09-13 | D31: 36 | E31: 91 | F31: SYNTHETIC
A32: 454 | B32: 20 | C32: 2025-11-11 | D32: 5 | F32: SYNTHETIC
A33: 463 | B33: 12 | C33: 2025-11-02 | D33: 21 | E33: 53 | F33: SYNTHETIC
A34: 490 | B34: 47 | C34: 2025-12-22 | D34: 70 | E34: -999 | F34: SYNTHETIC
A35: 496 | B35: 2 | C35: 2025-12-23 | D35: -5 | E35: 0 | F35: SYNTHETIC
A36: 501 | B36: 29 | C36: 2025-12-03 | D36: 20 | E36: 82 | F36: SYNTHETIC
A37: 503 | B37: 49 | C37: 2025-12-02 | D37: 1 | F37: SYNTHETIC
A38: 509 | B38: 35 | C38: 2025-12-29 | D38: -3 | E38: 9999 | F38: SYNTHETIC
A39: 551 | B39: 9 | C39: 2026-02-20 | D39: 0 | E39: 4 | F39: SYNTHETIC
A40: 556 | B40: 1 | C40: 2026-02-26 | D40: -1 | E40: -1 | F40: SYNTHETIC
A41: 562 | B41: 42 | C41: 2026-02-07 | D41: 13 | E41: 59 | F41: SYNTHETIC
A42: 565 | B42: 19 | C42: 2026-02-08 | D42: 0 | E42: -8 | F42: SYNTHETIC
A43: 585 | B43: 41 | C43: 2026-03-30 | D43: -1 | E43: -999 | F43: SYNTHETIC
A44: 601 | B44: 24 | C44: 2026-03-04 | D44: 19 | E44: 2500 | F44: SYNTHETIC
A45: 607 | B45: 33 | C45: 2026-03-11 | D45: 7 | E45: -13 | F45: SYNTHETIC
A46: 640 | B46: 46 | C46: 2026-04-03 | D46: 6 | E46: -5 | F46: SYNTHETIC
A47: 652 | B47: 36 | C47: 2026-05-14 | D47: -5 | E47: -4 | F47: SYNTHETIC
A48: 654 | B48: 17 | C48: 2026-05-27 | D48: -2 | E48: -8 | F48: SYNTHETIC
A49: 655 | B49: 35 | C49: 2026-05-04 | D49: -10 | E49: 5000 | F49: SYNTHETIC
A50: 661 | B50: 25 | C50: 2026-05-25 | D50: 126 | F50: SYNTHETIC
A51: 662 | B51: 3 | C51: 2026-05-25 | D51: 2 | E51: 2 | F51: SYNTHETIC
A52: 667 | B52: 13 | C52: 2026-05-06 | D52: 0 | E52: 2 | F52: SYNTHETIC
A53: 684 | B53: 46 | C53: 2026-06-03 | D53: 0 | E53: -11 | F53: SYNTHETIC
A54: 688 | B54: 13 | C54: 2026-06-02 | D54: 4 | E54: -10 | F54: SYNTHETIC
A55: 701 | B55: 1 | C55: 2026-06-18 | D55: 1 | E55: 9999 | F55: SYNTHETIC
A56: 710 | B56: 37 | C56: 2026-07-13 | D56: 16 | F56: SYNTHETIC

Sheet Work_Bookings
A1: id | B1: dup | C1: jd_text | D1: pat | E1: y | F1: m | G1: d | H1: valid | I1: jd_clean | J1: f_date_format (flag) | K1: f_date_impossible (flag) | L1: ts_missing | M1: ts_value | N1: f_after (flag) | O1: board_norm | P1: dest_norm | Q1: board_known | R1: dest_known | S1: f_station_format (flag) | T1: f_station_unknown (flag) | U1: f_route_missing (flag) | V1: status_norm | W1: f_status_alias (flag) | X1: f_status_invalid (flag) | Y1: f_total_missing (flag) | Z1: total_is_text | AA1: total_parsed | AB1: f_total_currency (flag) | AC1: f_numpax_invalid (flag) | AE1: SYNTHETIC DATA (defect-enriched sample of the raw extract). Not real data.
A2: =Raw_Bookings!A2 -> 1000611 | B2: =IF(COUNTIF(Raw_Bookings!$A$2:A2,Raw_Bookings!A2)>1,1,0) -> 0 | C2: =Raw_Bookings!D2&"" -> 2024-09-04 | D2: =IF(AND(LEN(C2)=10,MID(C2,5,1)="-",MID(C2,8,1)="-"),"ISO",IF(AND(LEN(C2)=10,MID(C2,3,1)="-",MID(C2,6,1)="-"),"DMY","OTHER")) -> ISO | E2: =IF(D2="ISO",VALUE(LEFT(C2,4)),IF(D2="DMY",VALUE(RIGHT(C2,4)),0)) -> 2024 | F2: =IF(D2="ISO",VALUE(MID(C2,6,2)),IF(D2="DMY",VALUE(MID(C2,4,2)),0)) -> 9 | G2: =IF(D2="ISO",VALUE(RIGHT(C2,2)),IF(D2="DMY",VALUE(LEFT(C2,2)),0)) -> 4 | H2: =IF(AND(D2<>"OTHER",F2>=1,F2<=12,G2>=1,G2<=31),IF(AND(MONTH(DATE(E2,F2,G2))=F2,DAY(DATE(E2,F2,G2))=G2),1,0),0) -> 1 | I2: =IF(H2=1,DATE(E2,F2,G2),"") -> 45539 | J2: =IF(AND(D2="DMY",H2=1),1,0) -> 0 | K2: =IF(H2=0,1,0) -> 0 | L2: =IF(TRIM(Raw_Bookings!I2&"")="",1,0) -> 0 | M2: =IF(L2=1,"",DATEVALUE(LEFT(Raw_Bookings!I2,10))+TIMEVALUE(MID(Raw_Bookings!I2,12,8))) -> 45470.842 | N2: =IF(AND(L2=0,H2=1),IF(INT(M2)>I2,1,0),0) -> 0 | O2: =UPPER(TRIM(Raw_Bookings!F2)) -> MAU | P2: =UPPER(TRIM(Raw_Bookings!G2)) -> DEL | Q2: =IF(COUNTIF(Lookup_Stations!$A$2:$A$33,O2)>0,1,0) -> 1 | R2: =IF(COUNTIF(Lookup_Stations!$A$2:$A$33,P2)>0,1,0) -> 1 | S2: =IF(OR(AND(Q2=1,NOT(EXACT(Raw_Bookings!F2,O2))),AND(R2=1,NOT(EXACT(Raw_Bookings!G2,P2)))),1,0) -> 0 | T2: =IF(OR(Q2=0,R2=0),1,0) -> 0 | U2: =IF(TRIM(Raw_Bookings!E2&"")="",1,0) -> 0 | V2: =IF(SUMPRODUCT(--(Lookup_Status!$A$2:$A$13=LOWER(TRIM(Raw_Bookings!K2))))=0,"",INDEX(Lookup_Status!$B$2:$B$13,SUMPRODUCT((Lookup_Status!$A$2:$A$13=LOWER(TRIM(Raw_Bookings!K2)))*(ROW(Lookup_Status!$A$2:$A$13)-1)))) -> Confirmed | W2: =IF(AND(V2<>"",NOT(EXACT(Raw_Bookings!K2,V2))),1,0) -> 0 | X2: =IF(V2="",1,0) -> 0 | Y2: =IF(TRIM(Raw_Bookings!L2&"")="",1,0) -> 0 | Z2: =IF(AND(ISTEXT(Raw_Bookings!L2),Y2=0),1,0) -> 0 | AA2: =IF(Z2=1,IFERROR(VALUE(SUBSTITUTE(SUBSTITUTE(SUBSTITUTE(SUBSTITUTE(SUBSTITUTE(UPPER(Raw_Bookings!L2),"RS.",""),"₹",""),",","")," ",""),"INR","")),""),"") | AB2: =IF(AND(Z2=1,ISNUMBER(AA2)),1,0) -> 0 | AC2: =IF(B2=1,0,IF(NOT(ISNUMBER(Raw_Bookings!J2)),1,IF(Raw_Bookings!J2<>COUNTIFS(Work_Passengers!$B$2:$B$1336,Raw_Bookings!A2,Work_Passengers!$C$2:$C$1336,0),1,0))) -> 0
A3: =Raw_Bookings!A3 -> 1001896 | B3: =IF(COUNTIF(Raw_Bookings!$A$2:A3,Raw_Bookings!A3)>1,1,0) -> 0 | C3: =Raw_Bookings!D3&"" -> 2024-09-16 | D3: =IF(AND(LEN(C3)=10,MID(C3,5,1)="-",MID(C3,8,1)="-"),"ISO",IF(AND(LEN(C3)=10,MID(C3,3,1)="-",MID(C3,6,1)="-"),"DMY","OTHER")) -> ISO | E3: =IF(D3="ISO",VALUE(LEFT(C3,4)),IF(D3="DMY",VALUE(RIGHT(C3,4)),0)) -> 2024 | F3: =IF(D3="ISO",VALUE(MID(C3,6,2)),IF(D3="DMY",VALUE(MID(C3,4,2)),0)) -> 9 | G3: =IF(D3="ISO",VALUE(RIGHT(C3,2)),IF(D3="DMY",VALUE(LEFT(C3,2)),0)) -> 16 | H3: =IF(AND(D3<>"OTHER",F3>=1,F3<=12,G3>=1,G3<=31),IF(AND(MONTH(DATE(E3,F3,G3))=F3,DAY(DATE(E3,F3,G3))=G3),1,0),0) -> 1 | I3: =IF(H3=1,DATE(E3,F3,G3),"") -> 45551 | J3: =IF(AND(D3="DMY",H3=1),1,0) -> 0 | K3: =IF(H3=0,1,0) -> 0 | L3: =IF(TRIM(Raw_Bookings!I3&"")="",1,0) -> 0 | M3: =IF(L3=1,"",DATEVALUE(LEFT(Raw_Bookings!I3,10))+TIMEVALUE(MID(Raw_Bookings!I3,12,8))) -> 45499.658 | N3: =IF(AND(L3=0,H3=1),IF(INT(M3)>I3,1,0),0) -> 0 | O3: =UPPER(TRIM(Raw_Bookings!F3)) -> DEH | P3: =UPPER(TRIM(Raw_Bookings!G3)) -> PUN | Q3: =IF(COUNTIF(Lookup_Stations!$A$2:$A$33,O3)>0,1,0) -> 1 | R3: =IF(COUNTIF(Lookup_Stations!$A$2:$A$33,P3)>0,1,0) -> 1 | S3: =IF(OR(AND(Q3=1,NOT(EXACT(Raw_Bookings!F3,O3))),AND(R3=1,NOT(EXACT(Raw_Bookings!G3,P3)))),1,0) -> 0 | T3: =IF(OR(Q3=0,R3=0),1,0) -> 0 | U3: =IF(TRIM(Raw_Bookings!E3&"")="",1,0) -> 0 | V3: =IF(SUMPRODUCT(--(Lookup_Status!$A$2:$A$13=LOWER(TRIM(Raw_Bookings!K3))))=0,"",INDEX(Lookup_Status!$B$2:$B$13,SUMPRODUCT((Lookup_Status!$A$2:$A$13=LOWER(TRIM(Raw_Bookings!K3)))*(ROW(Lookup_Status!$A$2:$A$13)-1)))) -> Confirmed | W3: =IF(AND(V3<>"",NOT(EXACT(Raw_Bookings!K3,V3))),1,0) -> 0 | X3: =IF(V3="",1,0) -> 0 | Y3: =IF(TRIM(Raw_Bookings!L3&"")="",1,0) -> 0 | Z3: =IF(AND(ISTEXT(Raw_Bookings!L3),Y3=0),1,0) -> 0 | AA3: =IF(Z3=1,IFERROR(VALUE(SUBSTITUTE(SUBSTITUTE(SUBSTITUTE(SUBSTITUTE(SUBSTITUTE(UPPER(Raw_Bookings!L3),"RS.",""),"₹",""),",","")," ",""),"INR","")),""),"") | AB3: =IF(AND(Z3=1,ISNUMBER(AA3)),1,0) -> 0 | AC3: =IF(B3=1,0,IF(NOT(ISNUMBER(Raw_Bookings!J3)),1,IF(Raw_Bookings!J3<>COUNTIFS(Work_Passengers!$B$2:$B$1336,Raw_Bookings!A3,Work_Passengers!$C$2:$C$1336,0),1,0))) -> 0
A4: =Raw_Bookings!A4 -> 1002009 | B4: =IF(COUNTIF(Raw_Bookings!$A$2:A4,Raw_Bookings!A4)>1,1,0) -> 0 | C4: =Raw_Bookings!D4&"" -> 2024-10-15 | D4: =IF(AND(LEN(C4)=10,MID(C4,5,1)="-",MID(C4,8,1)="-"),"ISO",IF(AND(LEN(C4)=10,MID(C4,3,1)="-",MID(C4,6,1)="-"),"DMY","OTHER")) -> ISO | E4: =IF(D4="ISO",VALUE(LEFT(C4,4)),IF(D4="DMY",VALUE(RIGHT(C4,4)),0)) -> 2024 | F4: =IF(D4="ISO",VALUE(MID(C4,6,2)),IF(D4="DMY",VALUE(MID(C4,4,2)),0)) -> 10 | G4: =IF(D4="ISO",VALUE(RIGHT(C4,2)),IF(D4="DMY",VALUE(LEFT(C4,2)),0)) -> 15 | H4: =IF(AND(D4<>"OTHER",F4>=1,F4<=12,G4>=1,G4<=31),IF(AND(MONTH(DATE(E4,F4,G4))=F4,DAY(DATE(E4,F4,G4))=G4),1,0),0) -> 1 | I4: =IF(H4=1,DATE(E4,F4,G4),"") -> 45580 | J4: =IF(AND(D4="DMY",H4=1),1,0) -> 0 | K4: =IF(H4=0,1,0) -> 0 | L4: =IF(TRIM(Raw_Bookings!I4&"")="",1,0) -> 0 | M4: =IF(L4=1,"",DATEVALUE(LEFT(Raw_Bookings!I4,10))+TIMEVALUE(MID(Raw_Bookings!I4,12,8))) -> 45501.393 | N4: =IF(AND(L4=0,H4=1),IF(INT(M4)>I4,1,0),0) -> 0 | O4: =UPPER(TRIM(Raw_Bookings!F4)) -> MUM | P4: =UPPER(TRIM(Raw_Bookings!G4)) -> BEN | Q4: =IF(COUNTIF(Lookup_Stations!$A$2:$A$33,O4)>0,1,0) -> 1 | R4: =IF(COUNTIF(Lookup_Stations!$A$2:$A$33,P4)>0,1,0) -> 1 | S4: =IF(OR(AND(Q4=1,NOT(EXACT(Raw_Bookings!F4,O4))),AND(R4=1,NOT(EXACT(Raw_Bookings!G4,P4)))),1,0) -> 0 | T4: =IF(OR(Q4=0,R4=0),1,0) -> 0 | U4: =IF(TRIM(Raw_Bookings!E4&"")="",1,0) -> 1 | V4: =IF(SUMPRODUCT(--(Lookup_Status!$A$2:$A$13=LOWER(TRIM(Raw_Bookings!K4))))=0,"",INDEX(Lookup_Status!$B$2:$B$13,SUMPRODUCT((Lookup_Status!$A$2:$A$13=LOWER(TRIM(Raw_Bookings!K4)))*(ROW(Lookup_Status!$A$2:$A$13)-1)))) -> Confirmed | W4: =IF(AND(V4<>"",NOT(EXACT(Raw_Bookings!K4,V4))),1,0) -> 0 | X4: =IF(V4="",1,0) -> 0 | Y4: =IF(TRIM(Raw_Bookings!L4&"")="",1,0) -> 0 | Z4: =IF(AND(ISTEXT(Raw_Bookings!L4),Y4=0),1,0) -> 0 | AA4: =IF(Z4=1,IFERROR(VALUE(SUBSTITUTE(SUBSTITUTE(SUBSTITUTE(SUBSTITUTE(SUBSTITUTE(UPPER(Raw_Bookings!L4),"RS.",""),"₹",""),",","")," ",""),"INR","")),""),"") | AB4: =IF(AND(Z4=1,ISNUMBER(AA4)),1,0) -> 0 | AC4: =IF(B4=1,0,IF(NOT(ISNUMBER(Raw_Bookings!J4)),1,IF(Raw_Bookings!J4<>COUNTIFS(Work_Passengers!$B$2:$B$1336,Raw_Bookings!A4,Work_Passengers!$C$2:$C$1336,0),1,0))) -> 0
A5: =Raw_Bookings!A5 -> 1002389 | B5: =IF(COUNTIF(Raw_Bookings!$A$2:A5,Raw_Bookings!A5)>1,1,0) -> 0 | C5: =Raw_Bookings!D5&"" -> 2024-11-12 | D5: =IF(AND(LEN(C5)=10,MID(C5,5,1)="-",MID(C5,8,1)="-"),"ISO",IF(AND(LEN(C5)=10,MID(C5,3,1)="-",MID(C5,6,1)="-"),"DMY","OTHER")) -> ISO | E5: =IF(D5="ISO",VALUE(LEFT(C5,4)),IF(D5="DMY",VALUE(RIGHT(C5,4)),0)) -> 2024 | F5: =IF(D5="ISO",VALUE(MID(C5,6,2)),IF(D5="DMY",VALUE(MID(C5,4,2)),0)) -> 11 | G5: =IF(D5="ISO",VALUE(RIGHT(C5,2)),IF(D5="DMY",VALUE(LEFT(C5,2)),0)) -> 12 | H5: =IF(AND(D5<>"OTHER",F5>=1,F5<=12,G5>=1,G5<=31),IF(AND(MONTH(DATE(E5,F5,G5))=F5,DAY(DATE(E5,F5,G5))=G5),1,0),0) -> 1 | I5: =IF(H5=1,DATE(E5,F5,G5),"") -> 45608 | J5: =IF(AND(D5="DMY",H5=1),1,0) -> 0 | K5: =IF(H5=0,1,0) -> 0 | L5: =IF(TRIM(Raw_Bookings!I5&"")="",1,0) -> 0 | M5: =IF(L5=1,"",DATEVALUE(LEFT(Raw_Bookings!I5,10))+TIMEVALUE(MID(Raw_Bookings!I5,12,8))) -> 45506.344 | N5: =IF(AND(L5=0,H5=1),IF(INT(M5)>I5,1,0),0) -> 0 | O5: =UPPER(TRIM(Raw_Bookings!F5)) -> AHM | P5: =UPPER(TRIM(Raw_Bookings!G5)) -> CHE | Q5: =IF(COUNTIF(Lookup_Stations!$A$2:$A$33,O5)>0,1,0) -> 1 | R5: =IF(COUNTIF(Lookup_Stations!$A$2:$A$33,P5)>0,1,0) -> 1 | S5: =IF(OR(AND(Q5=1,NOT(EXACT(Raw_Bookings!F5,O5))),AND(R5=1,NOT(EXACT(Raw_Bookings!G5,P5)))),1,0) -> 0 | T5: =IF(OR(Q5=0,R5=0),1,0) -> 0 | U5: =IF(TRIM(Raw_Bookings!E5&"")="",1,0) -> 0 | V5: =IF(SUMPRODUCT(--(Lookup_Status!$A$2:$A$13=LOWER(TRIM(Raw_Bookings!K5))))=0,"",INDEX(Lookup_Status!$B$2:$B$13,SUMPRODUCT((Lookup_Status!$A$2:$A$13=LOWER(TRIM(Raw_Bookings!K5)))*(ROW(Lookup_Status!$A$2:$A$13)-1)))) -> Confirmed | W5: =IF(AND(V5<>"",NOT(EXACT(Raw_Bookings!K5,V5))),1,0) -> 0 | X5: =IF(V5="",1,0) -> 0 | Y5: =IF(TRIM(Raw_Bookings!L5&"")="",1,0) -> 0 | Z5: =IF(AND(ISTEXT(Raw_Bookings!L5),Y5=0),1,0) -> 0 | AA5: =IF(Z5=1,IFERROR(VALUE(SUBSTITUTE(SUBSTITUTE(SUBSTITUTE(SUBSTITUTE(SUBSTITUTE(UPPER(Raw_Bookings!L5),"RS.",""),"₹",""),",","")," ",""),"INR","")),""),"") | AB5: =IF(AND(Z5=1,ISNUMBER(AA5)),1,0) -> 0 | AC5: =IF(B5=1,0,IF(NOT(ISNUMBER(Raw_Bookings!J5)),1,IF(Raw_Bookings!J5<>COUNTIFS(Work_Passengers!$B$2:$B$1336,Raw_Bookings!A5,Work_Passengers!$C$2:$C$1336,0),1,0))) -> 0
A6: =Raw_Bookings!A6 -> 1002524 | B6: =IF(COUNTIF(Raw_Bookings!$A$2:A6,Raw_Bookings!A6)>1,1,0) -> 0 | C6: =Raw_Bookings!D6&"" -> 2024-09-28 | D6: =IF(AND(LEN(C6)=10,MID(C6,5,1)="-",MID(C6,8,1)="-"),"ISO",IF(AND(LEN(C6)=10,MID(C6,3,1)="-",MID(C6,6,1)="-"),"DMY","OTHER")) -> ISO | E6: =IF(D6="ISO",VALUE(LEFT(C6,4)),IF(D6="DMY",VALUE(RIGHT(C6,4)),0)) -> 2024 | F6: =IF(D6="ISO",VALUE(MID(C6,6,2)),IF(D6="DMY",VALUE(MID(C6,4,2)),0)) -> 9 | G6: =IF(D6="ISO",VALUE(RIGHT(C6,2)),IF(D6="DMY",VALUE(LEFT(C6,2)),0)) -> 28 | H6: =IF(AND(D6<>"OTHER",F6>=1,F6<=12,G6>=1,G6<=31),IF(AND(MONTH(DATE(E6,F6,G6))=F6,DAY(DATE(E6,F6,G6))=G6),1,0),0) -> 1 | I6: =IF(H6=1,DATE(E6,F6,G6),"") -> 45563 | J6: =IF(AND(D6="DMY",H6=1),1,0) -> 0 | K6: =IF(H6=0,1,0) -> 0 | L6: =IF(TRIM(Raw_Bookings!I6&"")="",1,0) -> 0 | M6: =IF(L6=1,"",DATEVALUE(LEFT(Raw_Bookings!I6,10))+TIMEVALUE(MID(Raw_Bookings!I6,12,8))) -> 45507.522 | N6: =IF(AND(L6=0,H6=1),IF(INT(M6)>I6,1,0),0) -> 0 | O6: =UPPER(TRIM(Raw_Bookings!F6)) -> KOL | P6: =UPPER(TRIM(Raw_Bookings!G6)) -> HYD | Q6: =IF(COUNTIF(Lookup_Stations!$A$2:$A$33,O6)>0,1,0) -> 1 | R6: =IF(COUNTIF(Lookup_Stations!$A$2:$A$33,P6)>0,1,0) -> 1 | S6: =IF(OR(AND(Q6=1,NOT(EXACT(Raw_Bookings!F6,O6))),AND(R6=1,NOT(EXACT(Raw_Bookings!G6,P6)))),1,0) -> 0 | T6: =IF(OR(Q6=0,R6=0),1,0) -> 0 | U6: =IF(TRIM(Raw_Bookings!E6&"")="",1,0) -> 0 | V6: =IF(SUMPRODUCT(--(Lookup_Status!$A$2:$A$13=LOWER(TRIM(Raw_Bookings!K6))))=0,"",INDEX(Lookup_Status!$B$2:$B$13,SUMPRODUCT((Lookup_Status!$A$2:$A$13=LOWER(TRIM(Raw_Bookings!K6)))*(ROW(Lookup_Status!$A$2:$A$13)-1)))) -> Confirmed | W6: =IF(AND(V6<>"",NOT(EXACT(Raw_Bookings!K6,V6))),1,0) -> 0 | X6: =IF(V6="",1,0) -> 0 | Y6: =IF(TRIM(Raw_Bookings!L6&"")="",1,0) -> 0 | Z6: =IF(AND(ISTEXT(Raw_Bookings!L6),Y6=0),1,0) -> 0 | AA6: =IF(Z6=1,IFERROR(VALUE(SUBSTITUTE(SUBSTITUTE(SUBSTITUTE(SUBSTITUTE(SUBSTITUTE(UPPER(Raw_Bookings!L6),"RS.",""),"₹",""),",","")," ",""),"INR","")),""),"") | AB6: =IF(AND(Z6=1,ISNUMBER(AA6)),1,0) -> 0 | AC6: =IF(B6=1,0,IF(NOT(ISNUMBER(Raw_Bookings!J6)),1,IF(Raw_Bookings!J6<>COUNTIFS(Work_Passengers!$B$2:$B$1336,Raw_Bookings!A6,Work_Passengers!$C$2:$C$1336,0),1,0))) -> 0
A7: =Raw_Bookings!A7 -> 1002921 | B7: =IF(COUNTIF(Raw_Bookings!$A$2:A7,Raw_Bookings!A7)>1,1,0) -> 0 | C7: =Raw_Bookings!D7&"" -> 2024-10-13 | D7: =IF(AND(LEN(C7)=10,MID(C7,5,1)="-",MID(C7,8,1)="-"),"ISO",IF(AND(LEN(C7)=10,MID(C7,3,1)="-",MID(C7,6,1)="-"),"DMY","OTHER")) -> ISO | E7: =IF(D7="ISO",VALUE(LEFT(C7,4)),IF(D7="DMY",VALUE(RIGHT(C7,4)),0)) -> 2024 | F7: =IF(D7="ISO",VALUE(MID(C7,6,2)),IF(D7="DMY",VALUE(MID(C7,4,2)),0)) -> 10 | G7: =IF(D7="ISO",VALUE(RIGHT(C7,2)),IF(D7="DMY",VALUE(LEFT(C7,2)),0)) -> 13 | H7: =IF(AND(D7<>"OTHER",F7>=1,F7<=12,G7>=1,G7<=31),IF(AND(MONTH(DATE(E7,F7,G7))=F7,DAY(DATE(E7,F7,G7))=G7),1,0),0) -> 1 | I7: =IF(H7=1,DATE(E7,F7,G7),"") -> 45578 | J7: =IF(AND(D7="DMY",H7=1),1,0) -> 0 | K7: =IF(H7=0,1,0) -> 0 | L7: =IF(TRIM(Raw_Bookings!I7&"")="",1,0) -> 0 | M7: =IF(L7=1,"",DATEVALUE(LEFT(Raw_Bookings!I7,10))+TIMEVALUE(MID(Raw_Bookings!I7,12,8))) -> 45511.788 | N7: =IF(AND(L7=0,H7=1),IF(INT(M7)>I7,1,0),0) -> 0 | O7: =UPPER(TRIM(Raw_Bookings!F7)) -> RAI | P7: =UPPER(TRIM(Raw_Bookings!G7)) -> JAI | Q7: =IF(COUNTIF(Lookup_Stations!$A$2:$A$33,O7)>0,1,0) -> 1 | R7: =IF(COUNTIF(Lookup_Stations!$A$2:$A$33,P7)>0,1,0) -> 1 | S7: =IF(OR(AND(Q7=1,NOT(EXACT(Raw_Bookings!F7,O7))),AND(R7=1,NOT(EXACT(Raw_Bookings!G7,P7)))),1,0) -> 0 | T7: =IF(OR(Q7=0,R7=0),1,0) -> 0 | U7: =IF(TRIM(Raw_Bookings!E7&"")="",1,0) -> 0 | V7: =IF(SUMPRODUCT(--(Lookup_Status!$A$2:$A$13=LOWER(TRIM(Raw_Bookings!K7))))=0,"",INDEX(Lookup_Status!$B$2:$B$13,SUMPRODUCT((Lookup_Status!$A$2:$A$13=LOWER(TRIM(Raw_Bookings!K7)))*(ROW(Lookup_Status!$A$2:$A$13)-1)))) -> Confirmed | W7: =IF(AND(V7<>"",NOT(EXACT(Raw_Bookings!K7,V7))),1,0) -> 0 | X7: =IF(V7="",1,0) -> 0 | Y7: =IF(TRIM(Raw_Bookings!L7&"")="",1,0) -> 0 | Z7: =IF(AND(ISTEXT(Raw_Bookings!L7),Y7=0),1,0) -> 0 | AA7: =IF(Z7=1,IFERROR(VALUE(SUBSTITUTE(SUBSTITUTE(SUBSTITUTE(SUBSTITUTE(SUBSTITUTE(UPPER(Raw_Bookings!L7),"RS.",""),"₹",""),",","")," ",""),"INR","")),""),"") | AB7: =IF(AND(Z7=1,ISNUMBER(AA7)),1,0) -> 0 | AC7: =IF(B7=1,0,IF(NOT(ISNUMBER(Raw_Bookings!J7)),1,IF(Raw_Bookings!J7<>COUNTIFS(Work_Passengers!$B$2:$B$1336,Raw_Bookings!A7,Work_Passengers!$C$2:$C$1336,0),1,0))) -> 0
A8: =Raw_Bookings!A8 -> 1002990 | B8: =IF(COUNTIF(Raw_Bookings!$A$2:A8,Raw_Bookings!A8)>1,1,0) -> 0 | C8: =Raw_Bookings!D8&"" -> 2024-10-06 | D8: =IF(AND(LEN(C8)=10,MID(C8,5,1)="-",MID(C8,8,1)="-"),"ISO",IF(AND(LEN(C8)=10,MID(C8,3,1)="-",MID(C8,6,1)="-"),"DMY","OTHER")) -> ISO | E8: =IF(D8="ISO",VALUE(LEFT(C8,4)),IF(D8="DMY",VALUE(RIGHT(C8,4)),0)) -> 2024 | F8: =IF(D8="ISO",VALUE(MID(C8,6,2)),IF(D8="DMY",VALUE(MID(C8,4,2)),0)) -> 10 | G8: =IF(D8="ISO",VALUE(RIGHT(C8,2)),IF(D8="DMY",VALUE(LEFT(C8,2)),0)) -> 6 | H8: =IF(AND(D8<>"OTHER",F8>=1,F8<=12,G8>=1,G8<=31),IF(AND(MONTH(DATE(E8,F8,G8))=F8,DAY(DATE(E8,F8,G8))=G8),1,0),0) -> 1 | I8: =IF(H8=1,DATE(E8,F8,G8),"") -> 45571 | J8: =IF(AND(D8="DMY",H8=1),1,0) -> 0 | K8: =IF(H8=0,1,0) -> 0 | L8: =IF(TRIM(Raw_Bookings!I8&"")="",1,0) -> 0 | M8: =IF(L8=1,"",DATEVALUE(LEFT(Raw_Bookings!I8,10))+TIMEVALUE(MID(Raw_Bookings!I8,12,8))) -> 45512.518 | N8: =IF(AND(L8=0,H8=1),IF(INT(M8)>I8,1,0),0) -> 0 | O8: =UPPER(TRIM(Raw_Bookings!F8)) -> CHE | P8: =UPPER(TRIM(Raw_Bookings!G8)) -> AHM | Q8: =IF(COUNTIF(Lookup_Stations!$A$2:$A$33,O8)>0,1,0) -> 1 | R8: =IF(COUNTIF(Lookup_Stations!$A$2:$A$33,P8)>0,1,0) -> 1 | S8: =IF(OR(AND(Q8=1,NOT(EXACT(Raw_Bookings!F8,O8))),AND(R8=1,NOT(EXACT(Raw_Bookings!G8,P8)))),1,0) -> 0 | T8: =IF(OR(Q8=0,R8=0),1,0) -> 0 | U8: =IF(TRIM(Raw_Bookings!E8&"")="",1,0) -> 0 | V8: =IF(SUMPRODUCT(--(Lookup_Status!$A$2:$A$13=LOWER(TRIM(Raw_Bookings!K8))))=0,"",INDEX(Lookup_Status!$B$2:$B$13,SUMPRODUCT((Lookup_Status!$A$2:$A$13=LOWER(TRIM(Raw_Bookings!K8)))*(ROW(Lookup_Status!$A$2:$A$13)-1)))) -> Confirmed | W8: =IF(AND(V8<>"",NOT(EXACT(Raw_Bookings!K8,V8))),1,0) -> 0 | X8: =IF(V8="",1,0) -> 0 | Y8: =IF(TRIM(Raw_Bookings!L8&"")="",1,0) -> 0 | Z8: =IF(AND(ISTEXT(Raw_Bookings!L8),Y8=0),1,0) -> 0 | AA8: =IF(Z8=1,IFERROR(VALUE(SUBSTITUTE(SUBSTITUTE(SUBSTITUTE(SUBSTITUTE(SUBSTITUTE(UPPER(Raw_Bookings!L8),"RS.",""),"₹",""),",","")," ",""),"INR","")),""),"") | AB8: =IF(AND(Z8=1,ISNUMBER(AA8)),1,0) -> 0 | AC8: =IF(B8=1,0,IF(NOT(ISNUMBER(Raw_Bookings!J8)),1,IF(Raw_Bookings!J8<>COUNTIFS(Work_Passengers!$B$2:$B$1336,Raw_Bookings!A8,Work_Passengers!$C$2:$C$1336,0),1,0))) -> 0
A9: =Raw_Bookings!A9 -> 1003061 | B9: =IF(COUNTIF(Raw_Bookings!$A$2:A9,Raw_Bookings!A9)>1,1,0) -> 0 | C9: =Raw_Bookings!D9&"" -> 2024-12-04 | D9: =IF(AND(LEN(C9)=10,MID(C9,5,1)="-",MID(C9,8,1)="-"),"ISO",IF(AND(LEN(C9)=10,MID(C9,3,1)="-",MID(C9,6,1)="-"),"DMY","OTHER")) -> ISO | E9: =IF(D9="ISO",VALUE(LEFT(C9,4)),IF(D9="DMY",VALUE(RIGHT(C9,4)),0)) -> 2024 | F9: =IF(D9="ISO",VALUE(MID(C9,6,2)),IF(D9="DMY",VALUE(MID(C9,4,2)),0)) -> 12 | G9: =IF(D9="ISO",VALUE(RIGHT(C9,2)),IF(D9="DMY",VALUE(LEFT(C9,2)),0)) -> 4 | H9: =IF(AND(D9<>"OTHER",F9>=1,F9<=12,G9>=1,G9<=31),IF(AND(MONTH(DATE(E9,F9,G9))=F9,DAY(DATE(E9,F9,G9))=G9),1,0),0) -> 1 | I9: =IF(H9=1,DATE(E9,F9,G9),"") -> 45630 | J9: =IF(AND(D9="DMY",H9=1),1,0) -> 0 | K9: =IF(H9=0,1,0) -> 0 | L9: =IF(TRIM(Raw_Bookings!I9&"")="",1,0) -> 0 | M9: =IF(L9=1,"",DATEVALUE(LEFT(Raw_Bookings!I9,10))+TIMEVALUE(MID(Raw_Bookings!I9,12,8))) -> 45513.324 | N9: =IF(AND(L9=0,H9=1),IF(INT(M9)>I9,1,0),0) -> 0 | O9: =UPPER(TRIM(Raw_Bookings!F9)) -> BEN | P9: =UPPER(TRIM(Raw_Bookings!G9)) -> MUM | Q9: =IF(COUNTIF(Lookup_Stations!$A$2:$A$33,O9)>0,1,0) -> 1 | R9: =IF(COUNTIF(Lookup_Stations!$A$2:$A$33,P9)>0,1,0) -> 1 | S9: =IF(OR(AND(Q9=1,NOT(EXACT(Raw_Bookings!F9,O9))),AND(R9=1,NOT(EXACT(Raw_Bookings!G9,P9)))),1,0) -> 0 | T9: =IF(OR(Q9=0,R9=0),1,0) -> 0 | U9: =IF(TRIM(Raw_Bookings!E9&"")="",1,0) -> 0 | V9: =IF(SUMPRODUCT(--(Lookup_Status!$A$2:$A$13=LOWER(TRIM(Raw_Bookings!K9))))=0,"",INDEX(Lookup_Status!$B$2:$B$13,SUMPRODUCT((Lookup_Status!$A$2:$A$13=LOWER(TRIM(Raw_Bookings!K9)))*(ROW(Lookup_Status!$A$2:$A$13)-1)))) -> Confirmed | W9: =IF(AND(V9<>"",NOT(EXACT(Raw_Bookings!K9,V9))),1,0) -> 0 | X9: =IF(V9="",1,0) -> 0 | Y9: =IF(TRIM(Raw_Bookings!L9&"")="",1,0) -> 0 | Z9: =IF(AND(ISTEXT(Raw_Bookings!L9),Y9=0),1,0) -> 0 | AA9: =IF(Z9=1,IFERROR(VALUE(SUBSTITUTE(SUBSTITUTE(SUBSTITUTE(SUBSTITUTE(SUBSTITUTE(UPPER(Raw_Bookings!L9),"RS.",""),"₹",""),",","")," ",""),"INR","")),""),"") | AB9: =IF(AND(Z9=1,ISNUMBER(AA9)),1,0) -> 0 | AC9: =IF(B9=1,0,IF(NOT(ISNUMBER(Raw_Bookings!J9)),1,IF(Raw_Bookings!J9<>COUNTIFS(Work_Passengers!$B$2:$B$1336,Raw_Bookings!A9,Work_Passengers!$C$2:$C$1336,0),1,0))) -> 0
A10: =Raw_Bookings!A10 -> 1003110 | B10: =IF(COUNTIF(Raw_Bookings!$A$2:A10,Raw_Bookings!A10)>1,1,0) -> 0 | C10: =Raw_Bookings!D10&"" -> 2024-09-04 | D10: =IF(AND(LEN(C10)=10,MID(C10,5,1)="-",MID(C10,8,1)="-"),"ISO",IF(AND(LEN(C10)=10,MID(C10,3,1)="-",MID(C10,6,1)="-"),"DMY","OTHER")) -> ISO | E10: =IF(D10="ISO",VALUE(LEFT(C10,4)),IF(D10="DMY",VALUE(RIGHT(C10,4)),0)) -> 2024 | F10: =IF(D10="ISO",VALUE(MID(C10,6,2)),IF(D10="DMY",VALUE(MID(C10,4,2)),0)) -> 9 | G10: =IF(D10="ISO",VALUE(RIGHT(C10,2)),IF(D10="DMY",VALUE(LEFT(C10,2)),0)) -> 4 | H10: =IF(AND(D10<>"OTHER",F10>=1,F10<=12,G10>=1,G10<=31),IF(AND(MONTH(DATE(E10,F10,G10))=F10,DAY(DATE(E10,F10,G10))=G10),1,0),0) -> 1 | I10: =IF(H10=1,DATE(E10,F10,G10),"") -> 45539 | J10: =IF(AND(D10="DMY",H10=1),1,0) -> 0 | K10: =IF(H10=0,1,0) -> 0 | L10: =IF(TRIM(Raw_Bookings!I10&"")="",1,0) -> 0 | M10: =IF(L10=1,"",DATEVALUE(LEFT(Raw_Bookings!I10,10))+TIMEVALUE(MID(Raw_Bookings!I10,12,8))) -> 45513.625 | N10: =IF(AND(L10=0,H10=1),IF(INT(M10)>I10,1,0),0) -> 0 | O10: =UPPER(TRIM(Raw_Bookings!F10)) -> MAU | P10: =UPPER(TRIM(Raw_Bookings!G10)) -> DEL | Q10: =IF(COUNTIF(Lookup_Stations!$A$2:$A$33,O10)>0,1,0) -> 1 | R10: =IF(COUNTIF(Lookup_Stations!$A$2:$A$33,P10)>0,1,0) -> 1 | S10: =IF(OR(AND(Q10=1,NOT(EXACT(Raw_Bookings!F10,O10))),AND(R10=1,NOT(EXACT(Raw_Bookings!G10,P10)))),1,0) -> 0 | T10: =IF(OR(Q10=0,R10=0),1,0) -> 0 | U10: =IF(TRIM(Raw_Bookings!E10&"")="",1,0) -> 0 | V10: =IF(SUMPRODUCT(--(Lookup_Status!$A$2:$A$13=LOWER(TRIM(Raw_Bookings!K10))))=0,"",INDEX(Lookup_Status!$B$2:$B$13,SUMPRODUCT((Lookup_Status!$A$2:$A$13=LOWER(TRIM(Raw_Bookings!K10)))*(ROW(Lookup_Status!$A$2:$A$13)-1)))) -> Confirmed | W10: =IF(AND(V10<>"",NOT(EXACT(Raw_Bookings!K10,V10))),1,0) -> 0 | X10: =IF(V10="",1,0) -> 0 | Y10: =IF(TRIM(Raw_Bookings!L10&"")="",1,0) -> 0 | Z10: =IF(AND(ISTEXT(Raw_Bookings!L10),Y10=0),1,0) -> 0 | AA10: =IF(Z10=1,IFERROR(VALUE(SUBSTITUTE(SUBSTITUTE(SUBSTITUTE(SUBSTITUTE(SUBSTITUTE(UPPER(Raw_Bookings!L10),"RS.",""),"₹",""),",","")," ",""),"INR","")),""),"") | AB10: =IF(AND(Z10=1,ISNUMBER(AA10)),1,0) -> 0 | AC10: =IF(B10=1,0,IF(NOT(ISNUMBER(Raw_Bookings!J10)),1,IF(Raw_Bookings!J10<>COUNTIFS(Work_Passengers!$B$2:$B$1336,Raw_Bookings!A10,Work_Passengers!$C$2:$C$1336,0),1,0))) -> 0
A11: =Raw_Bookings!A11 -> 1003617 | B11: =IF(COUNTIF(Raw_Bookings!$A$2:A11,Raw_Bookings!A11)>1,1,0) -> 0 | C11: =Raw_Bookings!D11&"" -> 2024-09-20 | D11: =IF(AND(LEN(C11)=10,MID(C11,5,1)="-",MID(C11,8,1)="-"),"ISO",IF(AND(LEN(C11)=10,MID(C11,3,1)="-",MID(C11,6,1)="-"),"DMY","OTHER")) -> ISO | E11: =IF(D11="ISO",VALUE(LEFT(C11,4)),IF(D11="DMY",VALUE(RIGHT(C11,4)),0)) -> 2024 | F11: =IF(D11="ISO",VALUE(MID(C11,6,2)),IF(D11="DMY",VALUE(MID(C11,4,2)),0)) -> 9 | G11: =IF(D11="ISO",VALUE(RIGHT(C11,2)),IF(D11="DMY",VALUE(LEFT(C11,2)),0)) -> 20 | H11: =IF(AND(D11<>"OTHER",F11>=1,F11<=12,G11>=1,G11<=31),IF(AND(MONTH(DATE(E11,F11,G11))=F11,DAY(DATE(E11,F11,G11))=G11),1,0),0) -> 1 | I11: =IF(H11=1,DATE(E11,F11,G11),"") -> 45555 | J11: =IF(AND(D11="DMY",H11=1),1,0) -> 0 | K11: =IF(H11=0,1,0) -> 0 | L11: =IF(TRIM(Raw_Bookings!I11&"")="",1,0) -> 0 | M11: =IF(L11=1,"",DATEVALUE(LEFT(Raw_Bookings!I11,10))+TIMEVALUE(MID(Raw_Bookings!I11,12,8))) -> 45518.1 | N11: =IF(AND(L11=0,H11=1),IF(INT(M11)>I11,1,0),0) -> 0 | O11: =UPPER(TRIM(Raw_Bookings!F11)) -> KOL | P11: =UPPER(TRIM(Raw_Bookings!G11)) -> HYD | Q11: =IF(COUNTIF(Lookup_Stations!$A$2:$A$33,O11)>0,1,0) -> 1 | R11: =IF(COUNTIF(Lookup_Stations!$A$2:$A$33,P11)>0,1,0) -> 1 | S11: =IF(OR(AND(Q11=1,NOT(EXACT(Raw_Bookings!F11,O11))),AND(R11=1,NOT(EXACT(Raw_Bookings!G11,P11)))),1,0) -> 0 | T11: =IF(OR(Q11=0,R11=0),1,0) -> 0 | U11: =IF(TRIM(Raw_Bookings!E11&"")="",1,0) -> 0 | V11: =IF(SUMPRODUCT(--(Lookup_Status!$A$2:$A$13=LOWER(TRIM(Raw_Bookings!K11))))=0,"",INDEX(Lookup_Status!$B$2:$B$13,SUMPRODUCT((Lookup_Status!$A$2:$A$13=LOWER(TRIM(Raw_Bookings!K11)))*(ROW(Lookup_Status!$A$2:$A$13)-1)))) -> Confirmed | W11: =IF(AND(V11<>"",NOT(EXACT(Raw_Bookings!K11,V11))),1,0) -> 0 | X11: =IF(V11="",1,0) -> 0 | Y11: =IF(TRIM(Raw_Bookings!L11&"")="",1,0) -> 0 | Z11: =IF(AND(ISTEXT(Raw_Bookings!L11),Y11=0),1,0) -> 0 | AA11: =IF(Z11=1,IFERROR(VALUE(SUBSTITUTE(SUBSTITUTE(SUBSTITUTE(SUBSTITUTE(SUBSTITUTE(UPPER(Raw_Bookings!L11),"RS.",""),"₹",""),",","")," ",""),"INR","")),""),"") | AB11: =IF(AND(Z11=1,ISNUMBER(AA11)),1,0) -> 0 | AC11: =IF(B11=1,0,IF(NOT(ISNUMBER(Raw_Bookings!J11)),1,IF(Raw_Bookings!J11<>COUNTIFS(Work_Passengers!$B$2:$B$1336,Raw_Bookings!A11,Work_Passengers!$C$2:$C$1336,0),1,0))) -> 0
A12: =Raw_Bookings!A12 -> 1003866 | B12: =IF(COUNTIF(Raw_Bookings!$A$2:A12,Raw_Bookings!A12)>1,1,0) -> 0 | C12: =Raw_Bookings!D12&"" -> 2024-10-07 | D12: =IF(AND(LEN(C12)=10,MID(C12,5,1)="-",MID(C12,8,1)="-"),"ISO",IF(AND(LEN(C12)=10,MID(C12,3,1)="-",MID(C12,6,1)="-"),"DMY","OTHER")) -> ISO | E12: =IF(D12="ISO",VALUE(LEFT(C12,4)),IF(D12="DMY",VALUE(RIGHT(C12,4)),0)) -> 2024 | F12: =IF(D12="ISO",VALUE(MID(C12,6,2)),IF(D12="DMY",VALUE(MID(C12,4,2)),0)) -> 10 | G12: =IF(D12="ISO",VALUE(RIGHT(C12,2)),IF(D12="DMY",VALUE(LEFT(C12,2)),0)) -> 7 | H12: =IF(AND(D12<>"OTHER",F12>=1,F12<=12,G12>=1,G12<=31),IF(AND(MONTH(DATE(E12,F12,G12))=F12,DAY(DATE(E12,F12,G12))=G12),1,0),0) -> 1 | I12: =IF(H12=1,DATE(E12,F12,G12),"") -> 45572 | J12: =IF(AND(D12="DMY",H12=1),1,0) -> 0 | K12: =IF(H12=0,1,0) -> 0 | L12: =IF(TRIM(Raw_Bookings!I12&"")="",1,0) -> 0 | M12: =IF(L12=1,"",DATEVALUE(LEFT(Raw_Bookings!I12,10))+TIMEVALUE(MID(Raw_Bookings!I12,12,8))) -> 45520.349 | N12: =IF(AND(L12=0,H12=1),IF(INT(M12)>I12,1,0),0) -> 0 | O12: =UPPER(TRIM(Raw_Bookings!F12)) -> DEL | P12: =UPPER(TRIM(Raw_Bookings!G12)) -> DIB | Q12: =IF(COUNTIF(Lookup_Stations!$A$2:$A$33,O12)>0,1,0) -> 1 | R12: =IF(COUNTIF(Lookup_Stations!$A$2:$A$33,P12)>0,1,0) -> 1 | S12: =IF(OR(AND(Q12=1,NOT(EXACT(Raw_Bookings!F12,O12))),AND(R12=1,NOT(EXACT(Raw_Bookings!G12,P12)))),1,0) -> 0 | T12: =IF(OR(Q12=0,R12=0),1,0) -> 0 | U12: =IF(TRIM(Raw_Bookings!E12&"")="",1,0) -> 0 | V12: =IF(SUMPRODUCT(--(Lookup_Status!$A$2:$A$13=LOWER(TRIM(Raw_Bookings!K12))))=0,"",INDEX(Lookup_Status!$B$2:$B$13,SUMPRODUCT((Lookup_Status!$A$2:$A$13=LOWER(TRIM(Raw_Bookings!K12)))*(ROW(Lookup_Status!$A$2:$A$13)-1)))) -> Confirmed | W12: =IF(AND(V12<>"",NOT(EXACT(Raw_Bookings!K12,V12))),1,0) -> 0 | X12: =IF(V12="",1,0) -> 0 | Y12: =IF(TRIM(Raw_Bookings!L12&"")="",1,0) -> 0 | Z12: =IF(AND(ISTEXT(Raw_Bookings!L12),Y12=0),1,0) -> 0 | AA12: =IF(Z12=1,IFERROR(VALUE(SUBSTITUTE(SUBSTITUTE(SUBSTITUTE(SUBSTITUTE(SUBSTITUTE(UPPER(Raw_Bookings!L12),"RS.",""),"₹",""),",","")," ",""),"INR","")),""),"") | AB12: =IF(AND(Z12=1,ISNUMBER(AA12)),1,0) -> 0 | AC12: =IF(B12=1,0,IF(NOT(ISNUMBER(Raw_Bookings!J12)),1,IF(Raw_Bookings!J12<>COUNTIFS(Work_Passengers!$B$2:$B$1336,Raw_Bookings!A12,Work_Passengers!$C$2:$C$1336,0),1,0))) -> 0
A13: =Raw_Bookings!A13 -> 1004416 | B13: =IF(COUNTIF(Raw_Bookings!$A$2:A13,Raw_Bookings!A13)>1,1,0) -> 0 | C13: =Raw_Bookings!D13&"" -> 2024-09-17 | D13: =IF(AND(LEN(C13)=10,MID(C13,5,1)="-",MID(C13,8,1)="-"),"ISO",IF(AND(LEN(C13)=10,MID(C13,3,1)="-",MID(C13,6,1)="-"),"DMY","OTHER")) -> ISO | E13: =IF(D13="ISO",VALUE(LEFT(C13,4)),IF(D13="DMY",VALUE(RIGHT(C13,4)),0)) -> 2024 | F13: =IF(D13="ISO",VALUE(MID(C13,6,2)),IF(D13="DMY",VALUE(MID(C13,4,2)),0)) -> 9 | G13: =IF(D13="ISO",VALUE(RIGHT(C13,2)),IF(D13="DMY",VALUE(LEFT(C13,2)),0)) -> 17 | H13: =IF(AND(D13<>"OTHER",F13>=1,F13<=12,G13>=1,G13<=31),IF(AND(MONTH(DATE(E13,F13,G13))=F13,DAY(DATE(E13,F13,G13))=G13),1,0),0) -> 1 | I13: =IF(H13=1,DATE(E13,F13,G13),"") -> 45552 | J13: =IF(AND(D13="DMY",H13=1),1,0) -> 0 | K13: =IF(H13=0,1,0) -> 0 | L13: =IF(TRIM(Raw_Bookings!I13&"")="",1,0) -> 0 | M13: =IF(L13=1,"",DATEVALUE(LEFT(Raw_Bookings!I13,10))+TIMEVALUE(MID(Raw_Bookings!I13,12,8))) -> 45524.599 | N13: =IF(AND(L13=0,H13=1),IF(INT(M13)>I13,1,0),0) -> 0 | O13: =UPPER(TRIM(Raw_Bookings!F13)) -> IND | P13: =UPPER(TRIM(Raw_Bookings!G13)) -> AMR | Q13: =IF(COUNTIF(Lookup_Stations!$A$2:$A$33,O13)>0,1,0) -> 1 | R13: =IF(COUNTIF(Lookup_Stations!$A$2:$A$33,P13)>0,1,0) -> 1 | S13: =IF(OR(AND(Q13=1,NOT(EXACT(Raw_Bookings!F13,O13))),AND(R13=1,NOT(EXACT(Raw_Bookings!G13,P13)))),1,0) -> 0 | T13: =IF(OR(Q13=0,R13=0),1,0) -> 0 | U13: =IF(TRIM(Raw_Bookings!E13&"")="",1,0) -> 0 | V13: =IF(SUMPRODUCT(--(Lookup_Status!$A$2:$A$13=LOWER(TRIM(Raw_Bookings!K13))))=0,"",INDEX(Lookup_Status!$B$2:$B$13,SUMPRODUCT((Lookup_Status!$A$2:$A$13=LOWER(TRIM(Raw_Bookings!K13)))*(ROW(Lookup_Status!$A$2:$A$13)-1)))) -> Confirmed | W13: =IF(AND(V13<>"",NOT(EXACT(Raw_Bookings!K13,V13))),1,0) -> 0 | X13: =IF(V13="",1,0) -> 0 | Y13: =IF(TRIM(Raw_Bookings!L13&"")="",1,0) -> 0 | Z13: =IF(AND(ISTEXT(Raw_Bookings!L13),Y13=0),1,0) -> 0 | AA13: =IF(Z13=1,IFERROR(VALUE(SUBSTITUTE(SUBSTITUTE(SUBSTITUTE(SUBSTITUTE(SUBSTITUTE(UPPER(Raw_Bookings!L13),"RS.",""),"₹",""),",","")," ",""),"INR","")),""),"") | AB13: =IF(AND(Z13=1,ISNUMBER(AA13)),1,0) -> 0 | AC13: =IF(B13=1,0,IF(NOT(ISNUMBER(Raw_Bookings!J13)),1,IF(Raw_Bookings!J13<>COUNTIFS(Work_Passengers!$B$2:$B$1336,Raw_Bookings!A13,Work_Passengers!$C$2:$C$1336,0),1,0))) -> 0
... A648: =Raw_Bookings!A648 -> 1050196 | B648: =IF(COUNTIF(Raw_Bookings!$A$2:A648,Raw_Bookings!A648)>1,1,0) -> 1 | C648: =Raw_Bookings!D648&"" -> 2025-02-19 | D648: =IF(AND(LEN(C648)=10,MID(C648,5,1)="-",MID(C648,8,1)="-"),"ISO",IF(AND(LEN(C648)=10,MID(C648,3,1)="-",MID(C648,6,1)="-"),"DMY","OTHER")) -> ISO | E648: =IF(D648="ISO",VALUE(LEFT(C648,4)),IF(D648="DMY",VALUE(RIGHT(C648,4)),0)) -> 2025 | F648: =IF(D648="ISO",VALUE(MID(C648,6,2)),IF(D648="DMY",VALUE(MID(C648,4,2)),0)) -> 2 | G648: =IF(D648="ISO",VALUE(RIGHT(C648,2)),IF(D648="DMY",VALUE(LEFT(C648,2)),0)) -> 19 | H648: =IF(AND(D648<>"OTHER",F648>=1,F648<=12,G648>=1,G648<=31),IF(AND(MONTH(DATE(E648,F648,G648))=F648,DAY(DATE(E648,F648,G648))=G648),1,0),0) -> 1 | I648: =IF(H648=1,DATE(E648,F648,G648),"") -> 45707 | J648: =IF(AND(D648="DMY",H648=1),1,0) -> 0 | K648: =IF(H648=0,1,0) -> 0 | L648: =IF(TRIM(Raw_Bookings!I648&"")="",1,0) -> 0 | M648: =IF(L648=1,"",DATEVALUE(LEFT(Raw_Bookings!I648,10))+TIMEVALUE(MID(Raw_Bookings!I648,12,8))) -> 45704.865 | N648: =IF(AND(L648=0,H648=1),IF(INT(M648)>I648,1,0),0) -> 0 | O648: =UPPER(TRIM(Raw_Bookings!F648)) -> HYD | P648: =UPPER(TRIM(Raw_Bookings!G648)) -> KOL | Q648: =IF(COUNTIF(Lookup_Stations!$A$2:$A$33,O648)>0,1,0) -> 1 | R648: =IF(COUNTIF(Lookup_Stations!$A$2:$A$33,P648)>0,1,0) -> 1 | S648: =IF(OR(AND(Q648=1,NOT(EXACT(Raw_Bookings!F648,O648))),AND(R648=1,NOT(EXACT(Raw_Bookings!G648,P648)))),1,0) -> 0 | T648: =IF(OR(Q648=0,R648=0),1,0) -> 0 | U648: =IF(TRIM(Raw_Bookings!E648&"")="",1,0) -> 0 | V648: =IF(SUMPRODUCT(--(Lookup_Status!$A$2:$A$13=LOWER(TRIM(Raw_Bookings!K648))))=0,"",INDEX(Lookup_Status!$B$2:$B$13,SUMPRODUCT((Lookup_Status!$A$2:$A$13=LOWER(TRIM(Raw_Bookings!K648)))*(ROW(Lookup_Status!$A$2:$A$13)-1)))) -> Waitlisted | W648: =IF(AND(V648<>"",NOT(EXACT(Raw_Bookings!K648,V648))),1,0) -> 0 | X648: =IF(V648="",1,0) -> 0 | Y648: =IF(TRIM(Raw_Bookings!L648&"")="",1,0) -> 0 | Z648: =IF(AND(ISTEXT(Raw_Bookings!L648),Y648=0),1,0) -> 0 | AA648: =IF(Z648=1,IFERROR(VALUE(SUBSTITUTE(SUBSTITUTE(SUBSTITUTE(SUBSTITUTE(SUBSTITUTE(UPPER(Raw_Bookings!L648),"RS.",""),"₹",""),",","")," ",""),"INR","")),""),"") | AB648: =IF(AND(Z648=1,ISNUMBER(AA648)),1,0) -> 0 | AC648: =IF(B648=1,0,IF(NOT(ISNUMBER(Raw_Bookings!J648)),1,IF(Raw_Bookings!J648<>COUNTIFS(Work_Passengers!$B$2:$B$1336,Raw_Bookings!A648,Work_Passengers!$C$2:$C$1336,0),1,0))) -> 0

Sheet Work_Passengers
A1: id | B1: bid | C1: dup | D1: orphan | E1: f_neg_fare (flag) | F1: f_age_missing (flag) | G1: init_norm | H1: final_norm | I1: init_bad | J1: final_bad | K1: f_status_alias (flag) | L1: f_init_invalid (flag) | M1: f_final_invalid (flag) | O1: SYNTHETIC DATA (defect-enriched sample of the raw extract). Not real data.
A2: =Raw_Passengers!A2 -> 1257 | B2: =Raw_Passengers!B2 -> 1000611 | C2: =IF(COUNTIF(Raw_Passengers!$A$2:A2,Raw_Passengers!A2)>1,1,0) -> 0 | D2: =IF(COUNTIF(Raw_Bookings!$A$2:$A$648,Raw_Passengers!B2)=0,1,0) -> 0 | E2: =IF(OR(C2=1,D2=1),0,IF(NOT(ISNUMBER(Raw_Passengers!E2)),1,IF(Raw_Passengers!E2<=0,1,0))) -> 0 | F2: =IF(AND(C2=0,D2=0,TRIM(Raw_Passengers!D2&"")=""),1,0) -> 0 | G2: =IF(SUMPRODUCT(--(Lookup_Status!$A$2:$A$13=LOWER(TRIM(Raw_Passengers!F2))))=0,"",INDEX(Lookup_Status!$B$2:$B$13,SUMPRODUCT((Lookup_Status!$A$2:$A$13=LOWER(TRIM(Raw_Passengers!F2)))*(ROW(Lookup_Status!$A$2:$A$13)-1)))) -> Confirmed | H2: =IF(SUMPRODUCT(--(Lookup_Status!$A$2:$A$13=LOWER(TRIM(Raw_Passengers!G2))))=0,"",INDEX(Lookup_Status!$B$2:$B$13,SUMPRODUCT((Lookup_Status!$A$2:$A$13=LOWER(TRIM(Raw_Passengers!G2)))*(ROW(Lookup_Status!$A$2:$A$13)-1)))) -> Confirmed | I2: =IF(OR(G2="",G2="Cancelled",G2="Mixed"),1,0) -> 0 | J2: =IF(OR(H2="",H2="Mixed"),1,0) -> 0 | K2: =IF(AND(C2=0,D2=0),IF(OR(AND(I2=0,NOT(EXACT(Raw_Passengers!F2,G2))),AND(J2=0,NOT(EXACT(Raw_Passengers!G2,H2)))),1,0),0) -> 0 | L2: =IF(AND(C2=0,D2=0,I2=1),1,0) -> 0 | M2: =IF(AND(C2=0,D2=0,J2=1),1,0) -> 0
A3: =Raw_Passengers!A3 -> 1258 | B3: =Raw_Passengers!B3 -> 1000611 | C3: =IF(COUNTIF(Raw_Passengers!$A$2:A3,Raw_Passengers!A3)>1,1,0) -> 0 | D3: =IF(COUNTIF(Raw_Bookings!$A$2:$A$648,Raw_Passengers!B3)=0,1,0) -> 0 | E3: =IF(OR(C3=1,D3=1),0,IF(NOT(ISNUMBER(Raw_Passengers!E3)),1,IF(Raw_Passengers!E3<=0,1,0))) -> 0 | F3: =IF(AND(C3=0,D3=0,TRIM(Raw_Passengers!D3&"")=""),1,0) -> 0 | G3: =IF(SUMPRODUCT(--(Lookup_Status!$A$2:$A$13=LOWER(TRIM(Raw_Passengers!F3))))=0,"",INDEX(Lookup_Status!$B$2:$B$13,SUMPRODUCT((Lookup_Status!$A$2:$A$13=LOWER(TRIM(Raw_Passengers!F3)))*(ROW(Lookup_Status!$A$2:$A$13)-1)))) -> Confirmed | H3: =IF(SUMPRODUCT(--(Lookup_Status!$A$2:$A$13=LOWER(TRIM(Raw_Passengers!G3))))=0,"",INDEX(Lookup_Status!$B$2:$B$13,SUMPRODUCT((Lookup_Status!$A$2:$A$13=LOWER(TRIM(Raw_Passengers!G3)))*(ROW(Lookup_Status!$A$2:$A$13)-1)))) -> Confirmed | I3: =IF(OR(G3="",G3="Cancelled",G3="Mixed"),1,0) -> 0 | J3: =IF(OR(H3="",H3="Mixed"),1,0) -> 0 | K3: =IF(AND(C3=0,D3=0),IF(OR(AND(I3=0,NOT(EXACT(Raw_Passengers!F3,G3))),AND(J3=0,NOT(EXACT(Raw_Passengers!G3,H3)))),1,0),0) -> 0 | L3: =IF(AND(C3=0,D3=0,I3=1),1,0) -> 0 | M3: =IF(AND(C3=0,D3=0,J3=1),1,0) -> 0
A4: =Raw_Passengers!A4 -> 1259 | B4: =Raw_Passengers!B4 -> 1000611 | C4: =IF(COUNTIF(Raw_Passengers!$A$2:A4,Raw_Passengers!A4)>1,1,0) -> 0 | D4: =IF(COUNTIF(Raw_Bookings!$A$2:$A$648,Raw_Passengers!B4)=0,1,0) -> 0 | E4: =IF(OR(C4=1,D4=1),0,IF(NOT(ISNUMBER(Raw_Passengers!E4)),1,IF(Raw_Passengers!E4<=0,1,0))) -> 0 | F4: =IF(AND(C4=0,D4=0,TRIM(Raw_Passengers!D4&"")=""),1,0) -> 0 | G4: =IF(SUMPRODUCT(--(Lookup_Status!$A$2:$A$13=LOWER(TRIM(Raw_Passengers!F4))))=0,"",INDEX(Lookup_Status!$B$2:$B$13,SUMPRODUCT((Lookup_Status!$A$2:$A$13=LOWER(TRIM(Raw_Passengers!F4)))*(ROW(Lookup_Status!$A$2:$A$13)-1)))) -> Confirmed | H4: =IF(SUMPRODUCT(--(Lookup_Status!$A$2:$A$13=LOWER(TRIM(Raw_Passengers!G4))))=0,"",INDEX(Lookup_Status!$B$2:$B$13,SUMPRODUCT((Lookup_Status!$A$2:$A$13=LOWER(TRIM(Raw_Passengers!G4)))*(ROW(Lookup_Status!$A$2:$A$13)-1)))) -> Confirmed | I4: =IF(OR(G4="",G4="Cancelled",G4="Mixed"),1,0) -> 0 | J4: =IF(OR(H4="",H4="Mixed"),1,0) -> 0 | K4: =IF(AND(C4=0,D4=0),IF(OR(AND(I4=0,NOT(EXACT(Raw_Passengers!F4,G4))),AND(J4=0,NOT(EXACT(Raw_Passengers!G4,H4)))),1,0),0) -> 0 | L4: =IF(AND(C4=0,D4=0,I4=1),1,0) -> 0 | M4: =IF(AND(C4=0,D4=0,J4=1),1,0) -> 0
A5: =Raw_Passengers!A5 -> 1260 | B5: =Raw_Passengers!B5 -> 1000611 | C5: =IF(COUNTIF(Raw_Passengers!$A$2:A5,Raw_Passengers!A5)>1,1,0) -> 0 | D5: =IF(COUNTIF(Raw_Bookings!$A$2:$A$648,Raw_Passengers!B5)=0,1,0) -> 0 | E5: =IF(OR(C5=1,D5=1),0,IF(NOT(ISNUMBER(Raw_Passengers!E5)),1,IF(Raw_Passengers!E5<=0,1,0))) -> 0 | F5: =IF(AND(C5=0,D5=0,TRIM(Raw_Passengers!D5&"")=""),1,0) -> 0 | G5: =IF(SUMPRODUCT(--(Lookup_Status!$A$2:$A$13=LOWER(TRIM(Raw_Passengers!F5))))=0,"",INDEX(Lookup_Status!$B$2:$B$13,SUMPRODUCT((Lookup_Status!$A$2:$A$13=LOWER(TRIM(Raw_Passengers!F5)))*(ROW(Lookup_Status!$A$2:$A$13)-1)))) -> Confirmed | H5: =IF(SUMPRODUCT(--(Lookup_Status!$A$2:$A$13=LOWER(TRIM(Raw_Passengers!G5))))=0,"",INDEX(Lookup_Status!$B$2:$B$13,SUMPRODUCT((Lookup_Status!$A$2:$A$13=LOWER(TRIM(Raw_Passengers!G5)))*(ROW(Lookup_Status!$A$2:$A$13)-1)))) -> Confirmed | I5: =IF(OR(G5="",G5="Cancelled",G5="Mixed"),1,0) -> 0 | J5: =IF(OR(H5="",H5="Mixed"),1,0) -> 0 | K5: =IF(AND(C5=0,D5=0),IF(OR(AND(I5=0,NOT(EXACT(Raw_Passengers!F5,G5))),AND(J5=0,NOT(EXACT(Raw_Passengers!G5,H5)))),1,0),0) -> 0 | L5: =IF(AND(C5=0,D5=0,I5=1),1,0) -> 0 | M5: =IF(AND(C5=0,D5=0,J5=1),1,0) -> 0
A6: =Raw_Passengers!A6 -> 3797 | B6: =Raw_Passengers!B6 -> 1001896 | C6: =IF(COUNTIF(Raw_Passengers!$A$2:A6,Raw_Passengers!A6)>1,1,0) -> 0 | D6: =IF(COUNTIF(Raw_Bookings!$A$2:$A$648,Raw_Passengers!B6)=0,1,0) -> 0 | E6: =IF(OR(C6=1,D6=1),0,IF(NOT(ISNUMBER(Raw_Passengers!E6)),1,IF(Raw_Passengers!E6<=0,1,0))) -> 0 | F6: =IF(AND(C6=0,D6=0,TRIM(Raw_Passengers!D6&"")=""),1,0) -> 0 | G6: =IF(SUMPRODUCT(--(Lookup_Status!$A$2:$A$13=LOWER(TRIM(Raw_Passengers!F6))))=0,"",INDEX(Lookup_Status!$B$2:$B$13,SUMPRODUCT((Lookup_Status!$A$2:$A$13=LOWER(TRIM(Raw_Passengers!F6)))*(ROW(Lookup_Status!$A$2:$A$13)-1)))) -> Confirmed | H6: =IF(SUMPRODUCT(--(Lookup_Status!$A$2:$A$13=LOWER(TRIM(Raw_Passengers!G6))))=0,"",INDEX(Lookup_Status!$B$2:$B$13,SUMPRODUCT((Lookup_Status!$A$2:$A$13=LOWER(TRIM(Raw_Passengers!G6)))*(ROW(Lookup_Status!$A$2:$A$13)-1)))) -> Confirmed | I6: =IF(OR(G6="",G6="Cancelled",G6="Mixed"),1,0) -> 0 | J6: =IF(OR(H6="",H6="Mixed"),1,0) -> 0 | K6: =IF(AND(C6=0,D6=0),IF(OR(AND(I6=0,NOT(EXACT(Raw_Passengers!F6,G6))),AND(J6=0,NOT(EXACT(Raw_Passengers!G6,H6)))),1,0),0) -> 0 | L6: =IF(AND(C6=0,D6=0,I6=1),1,0) -> 0 | M6: =IF(AND(C6=0,D6=0,J6=1),1,0) -> 0
A7: =Raw_Passengers!A7 -> 3798 | B7: =Raw_Passengers!B7 -> 1001896 | C7: =IF(COUNTIF(Raw_Passengers!$A$2:A7,Raw_Passengers!A7)>1,1,0) -> 0 | D7: =IF(COUNTIF(Raw_Bookings!$A$2:$A$648,Raw_Passengers!B7)=0,1,0) -> 0 | E7: =IF(OR(C7=1,D7=1),0,IF(NOT(ISNUMBER(Raw_Passengers!E7)),1,IF(Raw_Passengers!E7<=0,1,0))) -> 0 | F7: =IF(AND(C7=0,D7=0,TRIM(Raw_Passengers!D7&"")=""),1,0) -> 0 | G7: =IF(SUMPRODUCT(--(Lookup_Status!$A$2:$A$13=LOWER(TRIM(Raw_Passengers!F7))))=0,"",INDEX(Lookup_Status!$B$2:$B$13,SUMPRODUCT((Lookup_Status!$A$2:$A$13=LOWER(TRIM(Raw_Passengers!F7)))*(ROW(Lookup_Status!$A$2:$A$13)-1)))) -> Confirmed | H7: =IF(SUMPRODUCT(--(Lookup_Status!$A$2:$A$13=LOWER(TRIM(Raw_Passengers!G7))))=0,"",INDEX(Lookup_Status!$B$2:$B$13,SUMPRODUCT((Lookup_Status!$A$2:$A$13=LOWER(TRIM(Raw_Passengers!G7)))*(ROW(Lookup_Status!$A$2:$A$13)-1)))) -> Confirmed | I7: =IF(OR(G7="",G7="Cancelled",G7="Mixed"),1,0) -> 0 | J7: =IF(OR(H7="",H7="Mixed"),1,0) -> 0 | K7: =IF(AND(C7=0,D7=0),IF(OR(AND(I7=0,NOT(EXACT(Raw_Passengers!F7,G7))),AND(J7=0,NOT(EXACT(Raw_Passengers!G7,H7)))),1,0),0) -> 0 | L7: =IF(AND(C7=0,D7=0,I7=1),1,0) -> 0 | M7: =IF(AND(C7=0,D7=0,J7=1),1,0) -> 0
A8: =Raw_Passengers!A8 -> 3799 | B8: =Raw_Passengers!B8 -> 1001896 | C8: =IF(COUNTIF(Raw_Passengers!$A$2:A8,Raw_Passengers!A8)>1,1,0) -> 0 | D8: =IF(COUNTIF(Raw_Bookings!$A$2:$A$648,Raw_Passengers!B8)=0,1,0) -> 0 | E8: =IF(OR(C8=1,D8=1),0,IF(NOT(ISNUMBER(Raw_Passengers!E8)),1,IF(Raw_Passengers!E8<=0,1,0))) -> 0 | F8: =IF(AND(C8=0,D8=0,TRIM(Raw_Passengers!D8&"")=""),1,0) -> 0 | G8: =IF(SUMPRODUCT(--(Lookup_Status!$A$2:$A$13=LOWER(TRIM(Raw_Passengers!F8))))=0,"",INDEX(Lookup_Status!$B$2:$B$13,SUMPRODUCT((Lookup_Status!$A$2:$A$13=LOWER(TRIM(Raw_Passengers!F8)))*(ROW(Lookup_Status!$A$2:$A$13)-1)))) -> Confirmed | H8: =IF(SUMPRODUCT(--(Lookup_Status!$A$2:$A$13=LOWER(TRIM(Raw_Passengers!G8))))=0,"",INDEX(Lookup_Status!$B$2:$B$13,SUMPRODUCT((Lookup_Status!$A$2:$A$13=LOWER(TRIM(Raw_Passengers!G8)))*(ROW(Lookup_Status!$A$2:$A$13)-1)))) -> Confirmed | I8: =IF(OR(G8="",G8="Cancelled",G8="Mixed"),1,0) -> 0 | J8: =IF(OR(H8="",H8="Mixed"),1,0) -> 0 | K8: =IF(AND(C8=0,D8=0),IF(OR(AND(I8=0,NOT(EXACT(Raw_Passengers!F8,G8))),AND(J8=0,NOT(EXACT(Raw_Passengers!G8,H8)))),1,0),0) -> 0 | L8: =IF(AND(C8=0,D8=0,I8=1),1,0) -> 0 | M8: =IF(AND(C8=0,D8=0,J8=1),1,0) -> 0
A9: =Raw_Passengers!A9 -> 4015 | B9: =Raw_Passengers!B9 -> 1002009 | C9: =IF(COUNTIF(Raw_Passengers!$A$2:A9,Raw_Passengers!A9)>1,1,0) -> 0 | D9: =IF(COUNTIF(Raw_Bookings!$A$2:$A$648,Raw_Passengers!B9)=0,1,0) -> 0 | E9: =IF(OR(C9=1,D9=1),0,IF(NOT(ISNUMBER(Raw_Passengers!E9)),1,IF(Raw_Passengers!E9<=0,1,0))) -> 0 | F9: =IF(AND(C9=0,D9=0,TRIM(Raw_Passengers!D9&"")=""),1,0) -> 0 | G9: =IF(SUMPRODUCT(--(Lookup_Status!$A$2:$A$13=LOWER(TRIM(Raw_Passengers!F9))))=0,"",INDEX(Lookup_Status!$B$2:$B$13,SUMPRODUCT((Lookup_Status!$A$2:$A$13=LOWER(TRIM(Raw_Passengers!F9)))*(ROW(Lookup_Status!$A$2:$A$13)-1)))) -> Confirmed | H9: =IF(SUMPRODUCT(--(Lookup_Status!$A$2:$A$13=LOWER(TRIM(Raw_Passengers!G9))))=0,"",INDEX(Lookup_Status!$B$2:$B$13,SUMPRODUCT((Lookup_Status!$A$2:$A$13=LOWER(TRIM(Raw_Passengers!G9)))*(ROW(Lookup_Status!$A$2:$A$13)-1)))) -> Confirmed | I9: =IF(OR(G9="",G9="Cancelled",G9="Mixed"),1,0) -> 0 | J9: =IF(OR(H9="",H9="Mixed"),1,0) -> 0 | K9: =IF(AND(C9=0,D9=0),IF(OR(AND(I9=0,NOT(EXACT(Raw_Passengers!F9,G9))),AND(J9=0,NOT(EXACT(Raw_Passengers!G9,H9)))),1,0),0) -> 0 | L9: =IF(AND(C9=0,D9=0,I9=1),1,0) -> 0 | M9: =IF(AND(C9=0,D9=0,J9=1),1,0) -> 0
A10: =Raw_Passengers!A10 -> 4016 | B10: =Raw_Passengers!B10 -> 1002009 | C10: =IF(COUNTIF(Raw_Passengers!$A$2:A10,Raw_Passengers!A10)>1,1,0) -> 0 | D10: =IF(COUNTIF(Raw_Bookings!$A$2:$A$648,Raw_Passengers!B10)=0,1,0) -> 0 | E10: =IF(OR(C10=1,D10=1),0,IF(NOT(ISNUMBER(Raw_Passengers!E10)),1,IF(Raw_Passengers!E10<=0,1,0))) -> 0 | F10: =IF(AND(C10=0,D10=0,TRIM(Raw_Passengers!D10&"")=""),1,0) -> 0 | G10: =IF(SUMPRODUCT(--(Lookup_Status!$A$2:$A$13=LOWER(TRIM(Raw_Passengers!F10))))=0,"",INDEX(Lookup_Status!$B$2:$B$13,SUMPRODUCT((Lookup_Status!$A$2:$A$13=LOWER(TRIM(Raw_Passengers!F10)))*(ROW(Lookup_Status!$A$2:$A$13)-1)))) -> Confirmed | H10: =IF(SUMPRODUCT(--(Lookup_Status!$A$2:$A$13=LOWER(TRIM(Raw_Passengers!G10))))=0,"",INDEX(Lookup_Status!$B$2:$B$13,SUMPRODUCT((Lookup_Status!$A$2:$A$13=LOWER(TRIM(Raw_Passengers!G10)))*(ROW(Lookup_Status!$A$2:$A$13)-1)))) -> Confirmed | I10: =IF(OR(G10="",G10="Cancelled",G10="Mixed"),1,0) -> 0 | J10: =IF(OR(H10="",H10="Mixed"),1,0) -> 0 | K10: =IF(AND(C10=0,D10=0),IF(OR(AND(I10=0,NOT(EXACT(Raw_Passengers!F10,G10))),AND(J10=0,NOT(EXACT(Raw_Passengers!G10,H10)))),1,0),0) -> 0 | L10: =IF(AND(C10=0,D10=0,I10=1),1,0) -> 0 | M10: =IF(AND(C10=0,D10=0,J10=1),1,0) -> 0
A11: =Raw_Passengers!A11 -> 4783 | B11: =Raw_Passengers!B11 -> 1002389 | C11: =IF(COUNTIF(Raw_Passengers!$A$2:A11,Raw_Passengers!A11)>1,1,0) -> 0 | D11: =IF(COUNTIF(Raw_Bookings!$A$2:$A$648,Raw_Passengers!B11)=0,1,0) -> 0 | E11: =IF(OR(C11=1,D11=1),0,IF(NOT(ISNUMBER(Raw_Passengers!E11)),1,IF(Raw_Passengers!E11<=0,1,0))) -> 0 | F11: =IF(AND(C11=0,D11=0,TRIM(Raw_Passengers!D11&"")=""),1,0) -> 0 | G11: =IF(SUMPRODUCT(--(Lookup_Status!$A$2:$A$13=LOWER(TRIM(Raw_Passengers!F11))))=0,"",INDEX(Lookup_Status!$B$2:$B$13,SUMPRODUCT((Lookup_Status!$A$2:$A$13=LOWER(TRIM(Raw_Passengers!F11)))*(ROW(Lookup_Status!$A$2:$A$13)-1)))) -> Confirmed | H11: =IF(SUMPRODUCT(--(Lookup_Status!$A$2:$A$13=LOWER(TRIM(Raw_Passengers!G11))))=0,"",INDEX(Lookup_Status!$B$2:$B$13,SUMPRODUCT((Lookup_Status!$A$2:$A$13=LOWER(TRIM(Raw_Passengers!G11)))*(ROW(Lookup_Status!$A$2:$A$13)-1)))) -> Confirmed | I11: =IF(OR(G11="",G11="Cancelled",G11="Mixed"),1,0) -> 0 | J11: =IF(OR(H11="",H11="Mixed"),1,0) -> 0 | K11: =IF(AND(C11=0,D11=0),IF(OR(AND(I11=0,NOT(EXACT(Raw_Passengers!F11,G11))),AND(J11=0,NOT(EXACT(Raw_Passengers!G11,H11)))),1,0),0) -> 0 | L11: =IF(AND(C11=0,D11=0,I11=1),1,0) -> 0 | M11: =IF(AND(C11=0,D11=0,J11=1),1,0) -> 0
A12: =Raw_Passengers!A12 -> 4784 | B12: =Raw_Passengers!B12 -> 1002389 | C12: =IF(COUNTIF(Raw_Passengers!$A$2:A12,Raw_Passengers!A12)>1,1,0) -> 0 | D12: =IF(COUNTIF(Raw_Bookings!$A$2:$A$648,Raw_Passengers!B12)=0,1,0) -> 0 | E12: =IF(OR(C12=1,D12=1),0,IF(NOT(ISNUMBER(Raw_Passengers!E12)),1,IF(Raw_Passengers!E12<=0,1,0))) -> 0 | F12: =IF(AND(C12=0,D12=0,TRIM(Raw_Passengers!D12&"")=""),1,0) -> 0 | G12: =IF(SUMPRODUCT(--(Lookup_Status!$A$2:$A$13=LOWER(TRIM(Raw_Passengers!F12))))=0,"",INDEX(Lookup_Status!$B$2:$B$13,SUMPRODUCT((Lookup_Status!$A$2:$A$13=LOWER(TRIM(Raw_Passengers!F12)))*(ROW(Lookup_Status!$A$2:$A$13)-1)))) -> Confirmed | H12: =IF(SUMPRODUCT(--(Lookup_Status!$A$2:$A$13=LOWER(TRIM(Raw_Passengers!G12))))=0,"",INDEX(Lookup_Status!$B$2:$B$13,SUMPRODUCT((Lookup_Status!$A$2:$A$13=LOWER(TRIM(Raw_Passengers!G12)))*(ROW(Lookup_Status!$A$2:$A$13)-1)))) -> Confirmed | I12: =IF(OR(G12="",G12="Cancelled",G12="Mixed"),1,0) -> 0 | J12: =IF(OR(H12="",H12="Mixed"),1,0) -> 0 | K12: =IF(AND(C12=0,D12=0),IF(OR(AND(I12=0,NOT(EXACT(Raw_Passengers!F12,G12))),AND(J12=0,NOT(EXACT(Raw_Passengers!G12,H12)))),1,0),0) -> 0 | L12: =IF(AND(C12=0,D12=0,I12=1),1,0) -> 0 | M12: =IF(AND(C12=0,D12=0,J12=1),1,0) -> 0
A13: =Raw_Passengers!A13 -> 5077 | B13: =Raw_Passengers!B13 -> 1002524 | C13: =IF(COUNTIF(Raw_Passengers!$A$2:A13,Raw_Passengers!A13)>1,1,0) -> 0 | D13: =IF(COUNTIF(Raw_Bookings!$A$2:$A$648,Raw_Passengers!B13)=0,1,0) -> 0 | E13: =IF(OR(C13=1,D13=1),0,IF(NOT(ISNUMBER(Raw_Passengers!E13)),1,IF(Raw_Passengers!E13<=0,1,0))) -> 0 | F13: =IF(AND(C13=0,D13=0,TRIM(Raw_Passengers!D13&"")=""),1,0) -> 0 | G13: =IF(SUMPRODUCT(--(Lookup_Status!$A$2:$A$13=LOWER(TRIM(Raw_Passengers!F13))))=0,"",INDEX(Lookup_Status!$B$2:$B$13,SUMPRODUCT((Lookup_Status!$A$2:$A$13=LOWER(TRIM(Raw_Passengers!F13)))*(ROW(Lookup_Status!$A$2:$A$13)-1)))) -> Confirmed | H13: =IF(SUMPRODUCT(--(Lookup_Status!$A$2:$A$13=LOWER(TRIM(Raw_Passengers!G13))))=0,"",INDEX(Lookup_Status!$B$2:$B$13,SUMPRODUCT((Lookup_Status!$A$2:$A$13=LOWER(TRIM(Raw_Passengers!G13)))*(ROW(Lookup_Status!$A$2:$A$13)-1)))) -> Confirmed | I13: =IF(OR(G13="",G13="Cancelled",G13="Mixed"),1,0) -> 0 | J13: =IF(OR(H13="",H13="Mixed"),1,0) -> 0 | K13: =IF(AND(C13=0,D13=0),IF(OR(AND(I13=0,NOT(EXACT(Raw_Passengers!F13,G13))),AND(J13=0,NOT(EXACT(Raw_Passengers!G13,H13)))),1,0),0) -> 0 | L13: =IF(AND(C13=0,D13=0,I13=1),1,0) -> 0 | M13: =IF(AND(C13=0,D13=0,J13=1),1,0) -> 0
... A1336: =Raw_Passengers!A1336 -> 406771 | B1336: =Raw_Passengers!B1336 -> 9500089 | C1336: =IF(COUNTIF(Raw_Passengers!$A$2:A1336,Raw_Passengers!A1336)>1,1,0) -> 0 | D1336: =IF(COUNTIF(Raw_Bookings!$A$2:$A$648,Raw_Passengers!B1336)=0,1,0) -> 1 | E1336: =IF(OR(C1336=1,D1336=1),0,IF(NOT(ISNUMBER(Raw_Passengers!E1336)),1,IF(Raw_Passengers!E1336<=0,1,0))) -> 0 | F1336: =IF(AND(C1336=0,D1336=0,TRIM(Raw_Passengers!D1336&"")=""),1,0) -> 0 | G1336: =IF(SUMPRODUCT(--(Lookup_Status!$A$2:$A$13=LOWER(TRIM(Raw_Passengers!F1336))))=0,"",INDEX(Lookup_Status!$B$2:$B$13,SUMPRODUCT((Lookup_Status!$A$2:$A$13=LOWER(TRIM(Raw_Passengers!F1336)))*(ROW(Lookup_Status!$A$2:$A$13)-1)))) -> Confirmed | H1336: =IF(SUMPRODUCT(--(Lookup_Status!$A$2:$A$13=LOWER(TRIM(Raw_Passengers!G1336))))=0,"",INDEX(Lookup_Status!$B$2:$B$13,SUMPRODUCT((Lookup_Status!$A$2:$A$13=LOWER(TRIM(Raw_Passengers!G1336)))*(ROW(Lookup_Status!$A$2:$A$13)-1)))) -> Confirmed | I1336: =IF(OR(G1336="",G1336="Cancelled",G1336="Mixed"),1,0) -> 0 | J1336: =IF(OR(H1336="",H1336="Mixed"),1,0) -> 0 | K1336: =IF(AND(C1336=0,D1336=0),IF(OR(AND(I1336=0,NOT(EXACT(Raw_Passengers!F1336,G1336))),AND(J1336=0,NOT(EXACT(Raw_Passengers!G1336,H1336)))),1,0),0) -> 0 | L1336: =IF(AND(C1336=0,D1336=0,I1336=1),1,0) -> 0 | M1336: =IF(AND(C1336=0,D1336=0,J1336=1),1,0) -> 0

Sheet Work_Cancellations
A1: id | B1: dup | C1: orphan | D1: f_refund_exceeds (flag) | E1: ts_value | F1: bmatch | G1: booking_ts | H1: booking_rejected | I1: f_before (flag) | K1: SYNTHETIC DATA (defect-enriched sample of the raw extract). Not real data.
A2: =Raw_Cancellations!A2 -> 629 | B2: =IF(COUNTIF(Raw_Cancellations!$A$2:A2,Raw_Cancellations!A2)>1,1,0) -> 0 | C2: =IF(COUNTIF(Raw_Bookings!$A$2:$A$648,Raw_Cancellations!B2)=0,1,0) -> 0 | D2: =IF(OR(B2=1,C2=1),0,IF(Raw_Cancellations!I2>Raw_Cancellations!G2+0.005,1,0)) -> 0 | E2: =IFERROR(DATEVALUE(LEFT(Raw_Cancellations!C2,10))+TIMEVALUE(MID(Raw_Cancellations!C2,12,8)),"") -> 45538.993 | F2: =IFERROR(MATCH(Raw_Cancellations!B2,Work_Bookings!$A$2:$A$648,0),0) -> 20 | G2: =IF(F2=0,"",INDEX(Work_Bookings!$M$2:$M$648,F2)) -> 45535.612 | H2: =IF(F2=0,0,IF(OR(INDEX(Work_Bookings!$L$2:$L$648,F2)=1,INDEX(Work_Bookings!$K$2:$K$648,F2)=1,INDEX(Work_Bookings!$N$2:$N$648,F2)=1,COUNTIFS(Work_Passengers!$B$2:$B$1336,Raw_Cancellations!B2,Work_Passengers!$L$2:$L$1336,1)>0),1,0)) -> 0 | I2: =IF(OR(B2=1,C2=1,H2=1),0,IF(AND(ISNUMBER(E2),ISNUMBER(G2)),IF(E2<G2,1,0),0)) -> 0
A3: =Raw_Cancellations!A3 -> 776 | B3: =IF(COUNTIF(Raw_Cancellations!$A$2:A3,Raw_Cancellations!A3)>1,1,0) -> 0 | C3: =IF(COUNTIF(Raw_Bookings!$A$2:$A$648,Raw_Cancellations!B3)=0,1,0) -> 0 | D3: =IF(OR(B3=1,C3=1),0,IF(Raw_Cancellations!I3>Raw_Cancellations!G3+0.005,1,0)) -> 0 | E3: =IFERROR(DATEVALUE(LEFT(Raw_Cancellations!C3,10))+TIMEVALUE(MID(Raw_Cancellations!C3,12,8)),"") -> 45544.256 | F3: =IFERROR(MATCH(Raw_Cancellations!B3,Work_Bookings!$A$2:$A$648,0),0) -> 14 | G3: =IF(F3=0,"",INDEX(Work_Bookings!$M$2:$M$648,F3)) -> 45527.36 | H3: =IF(F3=0,0,IF(OR(INDEX(Work_Bookings!$L$2:$L$648,F3)=1,INDEX(Work_Bookings!$K$2:$K$648,F3)=1,INDEX(Work_Bookings!$N$2:$N$648,F3)=1,COUNTIFS(Work_Passengers!$B$2:$B$1336,Raw_Cancellations!B3,Work_Passengers!$L$2:$L$1336,1)>0),1,0)) -> 0 | I3: =IF(OR(B3=1,C3=1,H3=1),0,IF(AND(ISNUMBER(E3),ISNUMBER(G3)),IF(E3<G3,1,0),0)) -> 0
A4: =Raw_Cancellations!A4 -> 1069 | B4: =IF(COUNTIF(Raw_Cancellations!$A$2:A4,Raw_Cancellations!A4)>1,1,0) -> 0 | C4: =IF(COUNTIF(Raw_Bookings!$A$2:$A$648,Raw_Cancellations!B4)=0,1,0) -> 0 | D4: =IF(OR(B4=1,C4=1),0,IF(Raw_Cancellations!I4>Raw_Cancellations!G4+0.005,1,0)) -> 0 | E4: =IFERROR(DATEVALUE(LEFT(Raw_Cancellations!C4,10))+TIMEVALUE(MID(Raw_Cancellations!C4,12,8)),"") -> 45554.9 | F4: =IFERROR(MATCH(Raw_Cancellations!B4,Work_Bookings!$A$2:$A$648,0),0) -> 24 | G4: =IF(F4=0,"",INDEX(Work_Bookings!$M$2:$M$648,F4)) -> 45537.293 | H4: =IF(F4=0,0,IF(OR(INDEX(Work_Bookings!$L$2:$L$648,F4)=1,INDEX(Work_Bookings!$K$2:$K$648,F4)=1,INDEX(Work_Bookings!$N$2:$N$648,F4)=1,COUNTIFS(Work_Passengers!$B$2:$B$1336,Raw_Cancellations!B4,Work_Passengers!$L$2:$L$1336,1)>0),1,0)) -> 0 | I4: =IF(OR(B4=1,C4=1,H4=1),0,IF(AND(ISNUMBER(E4),ISNUMBER(G4)),IF(E4<G4,1,0),0)) -> 0
A5: =Raw_Cancellations!A5 -> 1514 | B5: =IF(COUNTIF(Raw_Cancellations!$A$2:A5,Raw_Cancellations!A5)>1,1,0) -> 0 | C5: =IF(COUNTIF(Raw_Bookings!$A$2:$A$648,Raw_Cancellations!B5)=0,1,0) -> 0 | D5: =IF(OR(B5=1,C5=1),0,IF(Raw_Cancellations!I5>Raw_Cancellations!G5+0.005,1,0)) -> 0 | E5: =IFERROR(DATEVALUE(LEFT(Raw_Cancellations!C5,10))+TIMEVALUE(MID(Raw_Cancellations!C5,12,8)),"") -> 45563.635 | F5: =IFERROR(MATCH(Raw_Cancellations!B5,Work_Bookings!$A$2:$A$648,0),0) -> 33 | G5: =IF(F5=0,"",INDEX(Work_Bookings!$M$2:$M$648,F5)) -> 45555.749 | H5: =IF(F5=0,0,IF(OR(INDEX(Work_Bookings!$L$2:$L$648,F5)=1,INDEX(Work_Bookings!$K$2:$K$648,F5)=1,INDEX(Work_Bookings!$N$2:$N$648,F5)=1,COUNTIFS(Work_Passengers!$B$2:$B$1336,Raw_Cancellations!B5,Work_Passengers!$L$2:$L$1336,1)>0),1,0)) -> 0 | I5: =IF(OR(B5=1,C5=1,H5=1),0,IF(AND(ISNUMBER(E5),ISNUMBER(G5)),IF(E5<G5,1,0),0)) -> 0
A6: =Raw_Cancellations!A6 -> 1680 | B6: =IF(COUNTIF(Raw_Cancellations!$A$2:A6,Raw_Cancellations!A6)>1,1,0) -> 0 | C6: =IF(COUNTIF(Raw_Bookings!$A$2:$A$648,Raw_Cancellations!B6)=0,1,0) -> 0 | D6: =IF(OR(B6=1,C6=1),0,IF(Raw_Cancellations!I6>Raw_Cancellations!G6+0.005,1,0)) -> 0 | E6: =IFERROR(DATEVALUE(LEFT(Raw_Cancellations!C6,10))+TIMEVALUE(MID(Raw_Cancellations!C6,12,8)),"") -> 45567.656 | F6: =IFERROR(MATCH(Raw_Cancellations!B6,Work_Bookings!$A$2:$A$648,0),0) -> 42 | G6: =IF(F6=0,"",INDEX(Work_Bookings!$M$2:$M$648,F6)) -> 45565.419 | H6: =IF(F6=0,0,IF(OR(INDEX(Work_Bookings!$L$2:$L$648,F6)=1,INDEX(Work_Bookings!$K$2:$K$648,F6)=1,INDEX(Work_Bookings!$N$2:$N$648,F6)=1,COUNTIFS(Work_Passengers!$B$2:$B$1336,Raw_Cancellations!B6,Work_Passengers!$L$2:$L$1336,1)>0),1,0)) -> 0 | I6: =IF(OR(B6=1,C6=1,H6=1),0,IF(AND(ISNUMBER(E6),ISNUMBER(G6)),IF(E6<G6,1,0),0)) -> 0
A7: =Raw_Cancellations!A7 -> 1729 | B7: =IF(COUNTIF(Raw_Cancellations!$A$2:A7,Raw_Cancellations!A7)>1,1,0) -> 0 | C7: =IF(COUNTIF(Raw_Bookings!$A$2:$A$648,Raw_Cancellations!B7)=0,1,0) -> 0 | D7: =IF(OR(B7=1,C7=1),0,IF(Raw_Cancellations!I7>Raw_Cancellations!G7+0.005,1,0)) -> 0 | E7: =IFERROR(DATEVALUE(LEFT(Raw_Cancellations!C7,10))+TIMEVALUE(MID(Raw_Cancellations!C7,12,8)),"") -> 45569.161 | F7: =IFERROR(MATCH(Raw_Cancellations!B7,Work_Bookings!$A$2:$A$648,0),0) -> 43 | G7: =IF(F7=0,"",INDEX(Work_Bookings!$M$2:$M$648,F7)) -> 45565.547 | H7: =IF(F7=0,0,IF(OR(INDEX(Work_Bookings!$L$2:$L$648,F7)=1,INDEX(Work_Bookings!$K$2:$K$648,F7)=1,INDEX(Work_Bookings!$N$2:$N$648,F7)=1,COUNTIFS(Work_Passengers!$B$2:$B$1336,Raw_Cancellations!B7,Work_Passengers!$L$2:$L$1336,1)>0),1,0)) -> 0 | I7: =IF(OR(B7=1,C7=1,H7=1),0,IF(AND(ISNUMBER(E7),ISNUMBER(G7)),IF(E7<G7,1,0),0)) -> 0
A8: =Raw_Cancellations!A8 -> 1828 | B8: =IF(COUNTIF(Raw_Cancellations!$A$2:A8,Raw_Cancellations!A8)>1,1,0) -> 0 | C8: =IF(COUNTIF(Raw_Bookings!$A$2:$A$648,Raw_Cancellations!B8)=0,1,0) -> 0 | D8: =IF(OR(B8=1,C8=1),0,IF(Raw_Cancellations!I8>Raw_Cancellations!G8+0.005,1,0)) -> 0 | E8: =IFERROR(DATEVALUE(LEFT(Raw_Cancellations!C8,10))+TIMEVALUE(MID(Raw_Cancellations!C8,12,8)),"") -> 45567.494 | F8: =IFERROR(MATCH(Raw_Cancellations!B8,Work_Bookings!$A$2:$A$648,0),0) -> 48 | G8: =IF(F8=0,"",INDEX(Work_Bookings!$M$2:$M$648,F8)) -> 45568.702 | H8: =IF(F8=0,0,IF(OR(INDEX(Work_Bookings!$L$2:$L$648,F8)=1,INDEX(Work_Bookings!$K$2:$K$648,F8)=1,INDEX(Work_Bookings!$N$2:$N$648,F8)=1,COUNTIFS(Work_Passengers!$B$2:$B$1336,Raw_Cancellations!B8,Work_Passengers!$L$2:$L$1336,1)>0),1,0)) -> 0 | I8: =IF(OR(B8=1,C8=1,H8=1),0,IF(AND(ISNUMBER(E8),ISNUMBER(G8)),IF(E8<G8,1,0),0)) -> 1
A9: =Raw_Cancellations!A9 -> 1950 | B9: =IF(COUNTIF(Raw_Cancellations!$A$2:A9,Raw_Cancellations!A9)>1,1,0) -> 0 | C9: =IF(COUNTIF(Raw_Bookings!$A$2:$A$648,Raw_Cancellations!B9)=0,1,0) -> 0 | D9: =IF(OR(B9=1,C9=1),0,IF(Raw_Cancellations!I9>Raw_Cancellations!G9+0.005,1,0)) -> 0 | E9: =IFERROR(DATEVALUE(LEFT(Raw_Cancellations!C9,10))+TIMEVALUE(MID(Raw_Cancellations!C9,12,8)),"") -> 45574.818 | F9: =IFERROR(MATCH(Raw_Cancellations!B9,Work_Bookings!$A$2:$A$648,0),0) -> 52 | G9: =IF(F9=0,"",INDEX(Work_Bookings!$M$2:$M$648,F9)) -> 45574.245 | H9: =IF(F9=0,0,IF(OR(INDEX(Work_Bookings!$L$2:$L$648,F9)=1,INDEX(Work_Bookings!$K$2:$K$648,F9)=1,INDEX(Work_Bookings!$N$2:$N$648,F9)=1,COUNTIFS(Work_Passengers!$B$2:$B$1336,Raw_Cancellations!B9,Work_Passengers!$L$2:$L$1336,1)>0),1,0)) -> 0 | I9: =IF(OR(B9=1,C9=1,H9=1),0,IF(AND(ISNUMBER(E9),ISNUMBER(G9)),IF(E9<G9,1,0),0)) -> 0
A10: =Raw_Cancellations!A10 -> 2032 | B10: =IF(COUNTIF(Raw_Cancellations!$A$2:A10,Raw_Cancellations!A10)>1,1,0) -> 0 | C10: =IF(COUNTIF(Raw_Bookings!$A$2:$A$648,Raw_Cancellations!B10)=0,1,0) -> 0 | D10: =IF(OR(B10=1,C10=1),0,IF(Raw_Cancellations!I10>Raw_Cancellations!G10+0.005,1,0)) -> 0 | E10: =IFERROR(DATEVALUE(LEFT(Raw_Cancellations!C10,10))+TIMEVALUE(MID(Raw_Cancellations!C10,12,8)),"") -> 45576.8 | F10: =IFERROR(MATCH(Raw_Cancellations!B10,Work_Bookings!$A$2:$A$648,0),0) -> 45 | G10: =IF(F10=0,"",INDEX(Work_Bookings!$M$2:$M$648,F10)) -> 45566.449 | H10: =IF(F10=0,0,IF(OR(INDEX(Work_Bookings!$L$2:$L$648,F10)=1,INDEX(Work_Bookings!$K$2:$K$648,F10)=1,INDEX(Work_Bookings!$N$2:$N$648,F10)=1,COUNTIFS(Work_Passengers!$B$2:$B$1336,Raw_Cancellations!B10,Work_Passengers!$L$2:$L$1336,1)>0),1,0)) -> 0 | I10: =IF(OR(B10=1,C10=1,H10=1),0,IF(AND(ISNUMBER(E10),ISNUMBER(G10)),IF(E10<G10,1,0),0)) -> 0
A11: =Raw_Cancellations!A11 -> 2080 | B11: =IF(COUNTIF(Raw_Cancellations!$A$2:A11,Raw_Cancellations!A11)>1,1,0) -> 0 | C11: =IF(COUNTIF(Raw_Bookings!$A$2:$A$648,Raw_Cancellations!B11)=0,1,0) -> 0 | D11: =IF(OR(B11=1,C11=1),0,IF(Raw_Cancellations!I11>Raw_Cancellations!G11+0.005,1,0)) -> 0 | E11: =IFERROR(DATEVALUE(LEFT(Raw_Cancellations!C11,10))+TIMEVALUE(MID(Raw_Cancellations!C11,12,8)),"") -> 45577.624 | F11: =IFERROR(MATCH(Raw_Cancellations!B11,Work_Bookings!$A$2:$A$648,0),0) -> 30 | G11: =IF(F11=0,"",INDEX(Work_Bookings!$M$2:$M$648,F11)) -> 45546.873 | H11: =IF(F11=0,0,IF(OR(INDEX(Work_Bookings!$L$2:$L$648,F11)=1,INDEX(Work_Bookings!$K$2:$K$648,F11)=1,INDEX(Work_Bookings!$N$2:$N$648,F11)=1,COUNTIFS(Work_Passengers!$B$2:$B$1336,Raw_Cancellations!B11,Work_Passengers!$L$2:$L$1336,1)>0),1,0)) -> 0 | I11: =IF(OR(B11=1,C11=1,H11=1),0,IF(AND(ISNUMBER(E11),ISNUMBER(G11)),IF(E11<G11,1,0),0)) -> 0
A12: =Raw_Cancellations!A12 -> 2515 | B12: =IF(COUNTIF(Raw_Cancellations!$A$2:A12,Raw_Cancellations!A12)>1,1,0) -> 0 | C12: =IF(COUNTIF(Raw_Bookings!$A$2:$A$648,Raw_Cancellations!B12)=0,1,0) -> 0 | D12: =IF(OR(B12=1,C12=1),0,IF(Raw_Cancellations!I12>Raw_Cancellations!G12+0.005,1,0)) -> 0 | E12: =IFERROR(DATEVALUE(LEFT(Raw_Cancellations!C12,10))+TIMEVALUE(MID(Raw_Cancellations!C12,12,8)),"") -> 45587.064 | F12: =IFERROR(MATCH(Raw_Cancellations!B12,Work_Bookings!$A$2:$A$648,0),0) -> 38 | G12: =IF(F12=0,"",INDEX(Work_Bookings!$M$2:$M$648,F12)) -> 45561.782 | H12: =IF(F12=0,0,IF(OR(INDEX(Work_Bookings!$L$2:$L$648,F12)=1,INDEX(Work_Bookings!$K$2:$K$648,F12)=1,INDEX(Work_Bookings!$N$2:$N$648,F12)=1,COUNTIFS(Work_Passengers!$B$2:$B$1336,Raw_Cancellations!B12,Work_Passengers!$L$2:$L$1336,1)>0),1,0)) -> 0 | I12: =IF(OR(B12=1,C12=1,H12=1),0,IF(AND(ISNUMBER(E12),ISNUMBER(G12)),IF(E12<G12,1,0),0)) -> 0
A13: =Raw_Cancellations!A13 -> 2735 | B13: =IF(COUNTIF(Raw_Cancellations!$A$2:A13,Raw_Cancellations!A13)>1,1,0) -> 0 | C13: =IF(COUNTIF(Raw_Bookings!$A$2:$A$648,Raw_Cancellations!B13)=0,1,0) -> 0 | D13: =IF(OR(B13=1,C13=1),0,IF(Raw_Cancellations!I13>Raw_Cancellations!G13+0.005,1,0)) -> 0 | E13: =IFERROR(DATEVALUE(LEFT(Raw_Cancellations!C13,10))+TIMEVALUE(MID(Raw_Cancellations!C13,12,8)),"") -> 45590.189 | F13: =IFERROR(MATCH(Raw_Cancellations!B13,Work_Bookings!$A$2:$A$648,0),0) -> 15 | G13: =IF(F13=0,"",INDEX(Work_Bookings!$M$2:$M$648,F13)) -> 45527.486 | H13: =IF(F13=0,0,IF(OR(INDEX(Work_Bookings!$L$2:$L$648,F13)=1,INDEX(Work_Bookings!$K$2:$K$648,F13)=1,INDEX(Work_Bookings!$N$2:$N$648,F13)=1,COUNTIFS(Work_Passengers!$B$2:$B$1336,Raw_Cancellations!B13,Work_Passengers!$L$2:$L$1336,1)>0),1,0)) -> 0 | I13: =IF(OR(B13=1,C13=1,H13=1),0,IF(AND(ISNUMBER(E13),ISNUMBER(G13)),IF(E13<G13,1,0),0)) -> 0
... A179: =Raw_Cancellations!A179 -> 44220 | B179: =IF(COUNTIF(Raw_Cancellations!$A$2:A179,Raw_Cancellations!A179)>1,1,0) -> 0 | C179: =IF(COUNTIF(Raw_Bookings!$A$2:$A$648,Raw_Cancellations!B179)=0,1,0) -> 1 | D179: =IF(OR(B179=1,C179=1),0,IF(Raw_Cancellations!I179>Raw_Cancellations!G179+0.005,1,0)) -> 0 | E179: =IFERROR(DATEVALUE(LEFT(Raw_Cancellations!C179,10))+TIMEVALUE(MID(Raw_Cancellations!C179,12,8)),"") -> 46173.635 | F179: =IFERROR(MATCH(Raw_Cancellations!B179,Work_Bookings!$A$2:$A$648,0),0) -> 0 | G179: =IF(F179=0,"",INDEX(Work_Bookings!$M$2:$M$648,F179)) | H179: =IF(F179=0,0,IF(OR(INDEX(Work_Bookings!$L$2:$L$648,F179)=1,INDEX(Work_Bookings!$K$2:$K$648,F179)=1,INDEX(Work_Bookings!$N$2:$N$648,F179)=1,COUNTIFS(Work_Passengers!$B$2:$B$1336,Raw_Cancellations!B179,Work_Passengers!$L$2:$L$1336,1)>0),1,0)) -> 0 | I179: =IF(OR(B179=1,C179=1,H179=1),0,IF(AND(ISNUMBER(E179),ISNUMBER(G179)),IF(E179<G179,1,0),0)) -> 0

Sheet Work_Capacity
A1: id | B1: key | C1: std | D1: consistent | E1: f_conflict (flag) | F1: f_total_mismatch (flag) | G1: f_spc_invalid (flag) | I1: SYNTHETIC DATA (defect-enriched sample of the raw extract). Not real data.
A2: =Raw_Capacity!A2 -> 43 | B2: =Raw_Capacity!B2&"|"&Raw_Capacity!C2&"|"&Raw_Capacity!D2 -> 25|2024-09-24|2A | C2: =INDEX(Lookup_Class!$B$2:$B$7,MATCH(Raw_Capacity!D2,Lookup_Class!$A$2:$A$7,0)) -> 46 | D2: =IF(AND(Raw_Capacity!F2=C2,Raw_Capacity!G2=Raw_Capacity!E2*Raw_Capacity!F2),1,0) -> 1 | E2: =IF(AND(COUNTIF(Work_Capacity!$B$2:$B$92,B2)>1,D2=0),1,0) -> 0 | F2: =IF(AND(E2=0,Raw_Capacity!F2=C2,Raw_Capacity!G2<>Raw_Capacity!E2*Raw_Capacity!F2),1,0) -> 0 | G2: =IF(AND(E2=0,Raw_Capacity!F2<>C2,Raw_Capacity!G2=Raw_Capacity!E2*C2),1,0) -> 0
A3: =Raw_Capacity!A3 -> 124 | B3: =Raw_Capacity!B3&"|"&Raw_Capacity!C3&"|"&Raw_Capacity!D3 -> 2|2024-10-23|SL | C3: =INDEX(Lookup_Class!$B$2:$B$7,MATCH(Raw_Capacity!D3,Lookup_Class!$A$2:$A$7,0)) -> 72 | D3: =IF(AND(Raw_Capacity!F3=C3,Raw_Capacity!G3=Raw_Capacity!E3*Raw_Capacity!F3),1,0) -> 1 | E3: =IF(AND(COUNTIF(Work_Capacity!$B$2:$B$92,B3)>1,D3=0),1,0) -> 0 | F3: =IF(AND(E3=0,Raw_Capacity!F3=C3,Raw_Capacity!G3<>Raw_Capacity!E3*Raw_Capacity!F3),1,0) -> 0 | G3: =IF(AND(E3=0,Raw_Capacity!F3<>C3,Raw_Capacity!G3=Raw_Capacity!E3*C3),1,0) -> 0
A4: =Raw_Capacity!A4 -> 135 | B4: =Raw_Capacity!B4&"|"&Raw_Capacity!C4&"|"&Raw_Capacity!D4 -> 46|2024-10-23|2A | C4: =INDEX(Lookup_Class!$B$2:$B$7,MATCH(Raw_Capacity!D4,Lookup_Class!$A$2:$A$7,0)) -> 46 | D4: =IF(AND(Raw_Capacity!F4=C4,Raw_Capacity!G4=Raw_Capacity!E4*Raw_Capacity!F4),1,0) -> 1 | E4: =IF(AND(COUNTIF(Work_Capacity!$B$2:$B$92,B4)>1,D4=0),1,0) -> 0 | F4: =IF(AND(E4=0,Raw_Capacity!F4=C4,Raw_Capacity!G4<>Raw_Capacity!E4*Raw_Capacity!F4),1,0) -> 0 | G4: =IF(AND(E4=0,Raw_Capacity!F4<>C4,Raw_Capacity!G4=Raw_Capacity!E4*C4),1,0) -> 0
A5: =Raw_Capacity!A5 -> 139 | B5: =Raw_Capacity!B5&"|"&Raw_Capacity!C5&"|"&Raw_Capacity!D5 -> 23|2024-10-17|3A | C5: =INDEX(Lookup_Class!$B$2:$B$7,MATCH(Raw_Capacity!D5,Lookup_Class!$A$2:$A$7,0)) -> 64 | D5: =IF(AND(Raw_Capacity!F5=C5,Raw_Capacity!G5=Raw_Capacity!E5*Raw_Capacity!F5),1,0) -> 1 | E5: =IF(AND(COUNTIF(Work_Capacity!$B$2:$B$92,B5)>1,D5=0),1,0) -> 0 | F5: =IF(AND(E5=0,Raw_Capacity!F5=C5,Raw_Capacity!G5<>Raw_Capacity!E5*Raw_Capacity!F5),1,0) -> 0 | G5: =IF(AND(E5=0,Raw_Capacity!F5<>C5,Raw_Capacity!G5=Raw_Capacity!E5*C5),1,0) -> 0
A6: =Raw_Capacity!A6 -> 141 | B6: =Raw_Capacity!B6&"|"&Raw_Capacity!C6&"|"&Raw_Capacity!D6 -> 38|2024-10-12|2A | C6: =INDEX(Lookup_Class!$B$2:$B$7,MATCH(Raw_Capacity!D6,Lookup_Class!$A$2:$A$7,0)) -> 46 | D6: =IF(AND(Raw_Capacity!F6=C6,Raw_Capacity!G6=Raw_Capacity!E6*Raw_Capacity!F6),1,0) -> 1 | E6: =IF(AND(COUNTIF(Work_Capacity!$B$2:$B$92,B6)>1,D6=0),1,0) -> 0 | F6: =IF(AND(E6=0,Raw_Capacity!F6=C6,Raw_Capacity!G6<>Raw_Capacity!E6*Raw_Capacity!F6),1,0) -> 0 | G6: =IF(AND(E6=0,Raw_Capacity!F6<>C6,Raw_Capacity!G6=Raw_Capacity!E6*C6),1,0) -> 0
A7: =Raw_Capacity!A7 -> 149 | B7: =Raw_Capacity!B7&"|"&Raw_Capacity!C7&"|"&Raw_Capacity!D7 -> 7|2024-10-24|SL | C7: =INDEX(Lookup_Class!$B$2:$B$7,MATCH(Raw_Capacity!D7,Lookup_Class!$A$2:$A$7,0)) -> 72 | D7: =IF(AND(Raw_Capacity!F7=C7,Raw_Capacity!G7=Raw_Capacity!E7*Raw_Capacity!F7),1,0) -> 1 | E7: =IF(AND(COUNTIF(Work_Capacity!$B$2:$B$92,B7)>1,D7=0),1,0) -> 0 | F7: =IF(AND(E7=0,Raw_Capacity!F7=C7,Raw_Capacity!G7<>Raw_Capacity!E7*Raw_Capacity!F7),1,0) -> 0 | G7: =IF(AND(E7=0,Raw_Capacity!F7<>C7,Raw_Capacity!G7=Raw_Capacity!E7*C7),1,0) -> 0
A8: =Raw_Capacity!A8 -> 153 | B8: =Raw_Capacity!B8&"|"&Raw_Capacity!C8&"|"&Raw_Capacity!D8 -> 47|2024-10-24|3A | C8: =INDEX(Lookup_Class!$B$2:$B$7,MATCH(Raw_Capacity!D8,Lookup_Class!$A$2:$A$7,0)) -> 64 | D8: =IF(AND(Raw_Capacity!F8=C8,Raw_Capacity!G8=Raw_Capacity!E8*Raw_Capacity!F8),1,0) -> 1 | E8: =IF(AND(COUNTIF(Work_Capacity!$B$2:$B$92,B8)>1,D8=0),1,0) -> 0 | F8: =IF(AND(E8=0,Raw_Capacity!F8=C8,Raw_Capacity!G8<>Raw_Capacity!E8*Raw_Capacity!F8),1,0) -> 0 | G8: =IF(AND(E8=0,Raw_Capacity!F8<>C8,Raw_Capacity!G8=Raw_Capacity!E8*C8),1,0) -> 0
A9: =Raw_Capacity!A9 -> 203 | B9: =Raw_Capacity!B9&"|"&Raw_Capacity!C9&"|"&Raw_Capacity!D9 -> 31|2024-11-19|3A | C9: =INDEX(Lookup_Class!$B$2:$B$7,MATCH(Raw_Capacity!D9,Lookup_Class!$A$2:$A$7,0)) -> 64 | D9: =IF(AND(Raw_Capacity!F9=C9,Raw_Capacity!G9=Raw_Capacity!E9*Raw_Capacity!F9),1,0) -> 1 | E9: =IF(AND(COUNTIF(Work_Capacity!$B$2:$B$92,B9)>1,D9=0),1,0) -> 0 | F9: =IF(AND(E9=0,Raw_Capacity!F9=C9,Raw_Capacity!G9<>Raw_Capacity!E9*Raw_Capacity!F9),1,0) -> 0 | G9: =IF(AND(E9=0,Raw_Capacity!F9<>C9,Raw_Capacity!G9=Raw_Capacity!E9*C9),1,0) -> 0
A10: =Raw_Capacity!A10 -> 216 | B10: =Raw_Capacity!B10&"|"&Raw_Capacity!C10&"|"&Raw_Capacity!D10 -> 38|2024-11-30|3A | C10: =INDEX(Lookup_Class!$B$2:$B$7,MATCH(Raw_Capacity!D10,Lookup_Class!$A$2:$A$7,0)) -> 64 | D10: =IF(AND(Raw_Capacity!F10=C10,Raw_Capacity!G10=Raw_Capacity!E10*Raw_Capacity!F10),1,0) -> 1 | E10: =IF(AND(COUNTIF(Work_Capacity!$B$2:$B$92,B10)>1,D10=0),1,0) -> 0 | F10: =IF(AND(E10=0,Raw_Capacity!F10=C10,Raw_Capacity!G10<>Raw_Capacity!E10*Raw_Capacity!F10),1,0) -> 0 | G10: =IF(AND(E10=0,Raw_Capacity!F10<>C10,Raw_Capacity!G10=Raw_Capacity!E10*C10),1,0) -> 0
A11: =Raw_Capacity!A11 -> 264 | B11: =Raw_Capacity!B11&"|"&Raw_Capacity!C11&"|"&Raw_Capacity!D11 -> 19|2024-11-10|SL | C11: =INDEX(Lookup_Class!$B$2:$B$7,MATCH(Raw_Capacity!D11,Lookup_Class!$A$2:$A$7,0)) -> 72 | D11: =IF(AND(Raw_Capacity!F11=C11,Raw_Capacity!G11=Raw_Capacity!E11*Raw_Capacity!F11),1,0) -> 1 | E11: =IF(AND(COUNTIF(Work_Capacity!$B$2:$B$92,B11)>1,D11=0),1,0) -> 0 | F11: =IF(AND(E11=0,Raw_Capacity!F11=C11,Raw_Capacity!G11<>Raw_Capacity!E11*Raw_Capacity!F11),1,0) -> 0 | G11: =IF(AND(E11=0,Raw_Capacity!F11<>C11,Raw_Capacity!G11=Raw_Capacity!E11*C11),1,0) -> 0
A12: =Raw_Capacity!A12 -> 286 | B12: =Raw_Capacity!B12&"|"&Raw_Capacity!C12&"|"&Raw_Capacity!D12 -> 23|2024-11-22|SL | C12: =INDEX(Lookup_Class!$B$2:$B$7,MATCH(Raw_Capacity!D12,Lookup_Class!$A$2:$A$7,0)) -> 72 | D12: =IF(AND(Raw_Capacity!F12=C12,Raw_Capacity!G12=Raw_Capacity!E12*Raw_Capacity!F12),1,0) -> 0 | E12: =IF(AND(COUNTIF(Work_Capacity!$B$2:$B$92,B12)>1,D12=0),1,0) -> 0 | F12: =IF(AND(E12=0,Raw_Capacity!F12=C12,Raw_Capacity!G12<>Raw_Capacity!E12*Raw_Capacity!F12),1,0) -> 0 | G12: =IF(AND(E12=0,Raw_Capacity!F12<>C12,Raw_Capacity!G12=Raw_Capacity!E12*C12),1,0) -> 1
A13: =Raw_Capacity!A13 -> 308 | B13: =Raw_Capacity!B13&"|"&Raw_Capacity!C13&"|"&Raw_Capacity!D13 -> 49|2024-12-10|3A | C13: =INDEX(Lookup_Class!$B$2:$B$7,MATCH(Raw_Capacity!D13,Lookup_Class!$A$2:$A$7,0)) -> 64 | D13: =IF(AND(Raw_Capacity!F13=C13,Raw_Capacity!G13=Raw_Capacity!E13*Raw_Capacity!F13),1,0) -> 1 | E13: =IF(AND(COUNTIF(Work_Capacity!$B$2:$B$92,B13)>1,D13=0),1,0) -> 0 | F13: =IF(AND(E13=0,Raw_Capacity!F13=C13,Raw_Capacity!G13<>Raw_Capacity!E13*Raw_Capacity!F13),1,0) -> 0 | G13: =IF(AND(E13=0,Raw_Capacity!F13<>C13,Raw_Capacity!G13=Raw_Capacity!E13*C13),1,0) -> 0
... A92: =Raw_Capacity!A92 -> 2303 | B92: =Raw_Capacity!B92&"|"&Raw_Capacity!C92&"|"&Raw_Capacity!D92 -> 4|2024-12-18|3A | C92: =INDEX(Lookup_Class!$B$2:$B$7,MATCH(Raw_Capacity!D92,Lookup_Class!$A$2:$A$7,0)) -> 64 | D92: =IF(AND(Raw_Capacity!F92=C92,Raw_Capacity!G92=Raw_Capacity!E92*Raw_Capacity!F92),1,0) -> 0 | E92: =IF(AND(COUNTIF(Work_Capacity!$B$2:$B$92,B92)>1,D92=0),1,0) -> 1 | F92: =IF(AND(E92=0,Raw_Capacity!F92=C92,Raw_Capacity!G92<>Raw_Capacity!E92*Raw_Capacity!F92),1,0) -> 0 | G92: =IF(AND(E92=0,Raw_Capacity!F92<>C92,Raw_Capacity!G92=Raw_Capacity!E92*C92),1,0) -> 0

Sheet Work_Operations
A1: id | B1: f_missing (flag) | C1: f_range (flag) | E1: SYNTHETIC DATA (defect-enriched sample of the raw extract). Not real data.
A2: =Raw_Operations!A2 -> 12 | B2: =IF(TRIM(Raw_Operations!E2&"")="",1,0) -> 0 | C2: =IF(ISNUMBER(Raw_Operations!E2),IF(OR(Raw_Operations!E2<-60,Raw_Operations!E2>1440),1,0),0) -> 0
A3: =Raw_Operations!A3 -> 17 | B3: =IF(TRIM(Raw_Operations!E3&"")="",1,0) -> 1 | C3: =IF(ISNUMBER(Raw_Operations!E3),IF(OR(Raw_Operations!E3<-60,Raw_Operations!E3>1440),1,0),0) -> 0
A4: =Raw_Operations!A4 -> 44 | B4: =IF(TRIM(Raw_Operations!E4&"")="",1,0) -> 0 | C4: =IF(ISNUMBER(Raw_Operations!E4),IF(OR(Raw_Operations!E4<-60,Raw_Operations!E4>1440),1,0),0) -> 0
A5: =Raw_Operations!A5 -> 45 | B5: =IF(TRIM(Raw_Operations!E5&"")="",1,0) -> 0 | C5: =IF(ISNUMBER(Raw_Operations!E5),IF(OR(Raw_Operations!E5<-60,Raw_Operations!E5>1440),1,0),0) -> 0
A6: =Raw_Operations!A6 -> 57 | B6: =IF(TRIM(Raw_Operations!E6&"")="",1,0) -> 0 | C6: =IF(ISNUMBER(Raw_Operations!E6),IF(OR(Raw_Operations!E6<-60,Raw_Operations!E6>1440),1,0),0) -> 0
A7: =Raw_Operations!A7 -> 59 | B7: =IF(TRIM(Raw_Operations!E7&"")="",1,0) -> 0 | C7: =IF(ISNUMBER(Raw_Operations!E7),IF(OR(Raw_Operations!E7<-60,Raw_Operations!E7>1440),1,0),0) -> 1
A8: =Raw_Operations!A8 -> 73 | B8: =IF(TRIM(Raw_Operations!E8&"")="",1,0) -> 0 | C8: =IF(ISNUMBER(Raw_Operations!E8),IF(OR(Raw_Operations!E8<-60,Raw_Operations!E8>1440),1,0),0) -> 0
A9: =Raw_Operations!A9 -> 74 | B9: =IF(TRIM(Raw_Operations!E9&"")="",1,0) -> 0 | C9: =IF(ISNUMBER(Raw_Operations!E9),IF(OR(Raw_Operations!E9<-60,Raw_Operations!E9>1440),1,0),0) -> 0
A10: =Raw_Operations!A10 -> 93 | B10: =IF(TRIM(Raw_Operations!E10&"")="",1,0) -> 0 | C10: =IF(ISNUMBER(Raw_Operations!E10),IF(OR(Raw_Operations!E10<-60,Raw_Operations!E10>1440),1,0),0) -> 0
A11: =Raw_Operations!A11 -> 100 | B11: =IF(TRIM(Raw_Operations!E11&"")="",1,0) -> 0 | C11: =IF(ISNUMBER(Raw_Operations!E11),IF(OR(Raw_Operations!E11<-60,Raw_Operations!E11>1440),1,0),0) -> 0
A12: =Raw_Operations!A12 -> 130 | B12: =IF(TRIM(Raw_Operations!E12&"")="",1,0) -> 1 | C12: =IF(ISNUMBER(Raw_Operations!E12),IF(OR(Raw_Operations!E12<-60,Raw_Operations!E12>1440),1,0),0) -> 0
A13: =Raw_Operations!A13 -> 161 | B13: =IF(TRIM(Raw_Operations!E13&"")="",1,0) -> 0 | C13: =IF(ISNUMBER(Raw_Operations!E13),IF(OR(Raw_Operations!E13<-60,Raw_Operations!E13>1440),1,0),0) -> 0
... A56: =Raw_Operations!A56 -> 710 | B56: =IF(TRIM(Raw_Operations!E56&"")="",1,0) -> 1 | C56: =IF(ISNUMBER(Raw_Operations!E56),IF(OR(Raw_Operations!E56<-60,Raw_Operations!E56>1440),1,0),0) -> 0

Sheet Clean_Bookings_Solution
A1: booking_id | B1: booking_reference | C1: train_id | D1: journey_date | E1: route_id | F1: boarding_station_id | G1: destination_station_id | H1: travel_class | I1: booking_ts | J1: num_passengers | K1: booking_status | L1: total_fare | N1: SYNTHETIC DATA (cleaned solution for the defect-enriched sample). Not real data.
A2: 1000611 | B2: SB621249971 | C2: 4 | D2: 45539 | E2: 2 | F2: 26 | G2: 1 | H2: 2S | I2: 45470.842 | J2: 4 | K2: Confirmed | L2: 4731
A3: 1001896 | B3: SB571202856 | C3: 21 | D3: 45551 | E3: 15 | F3: 6 | G3: 10 | H3: SL | I3: 45499.658 | J3: 3 | K3: Confirmed | L3: 3159
A4: 1002009 | B4: SB522443849 | C4: 31 | D4: 45580 | E4: 23 | F4: 9 | G4: 19 | H4: 2S | I4: 45501.393 | J4: 2 | K4: Confirmed | L4: 816
A5: 1002389 | B5: SB208033029 | C5: 33 | D5: 45608 | E5: 25 | F5: 11 | G5: 18 | H5: 2S | I5: 45506.344 | J5: 2 | K5: Confirmed | L5: 1308
A6: 1002524 | B6: SB556860764 | C6: 44 | D6: 45563 | E6: 34 | F6: 27 | G6: 20 | H6: 3A | I6: 45507.522 | J6: 2 | K6: Confirmed | L6: 4804
A7: 1002921 | B7: SB367857881 | C7: 12 | D7: 45578 | E7: 8 | F7: 17 | G7: 2 | H7: 3A | I7: 45511.788 | J7: 2 | K7: Confirmed | L7: 3708
A8: 1002990 | B8: SB523925390 | C8: 36 | D8: 45571 | E8: 26 | F8: 18 | G8: 11 | H8: SL | I8: 45512.518 | J8: 1 | K8: Confirmed | L8: 1049
A9: 1003061 | B9: SB988864421 | C9: 30 | D9: 45630 | E9: 24 | F9: 19 | G9: 9 | H9: 2S | I9: 45513.324 | J9: 2 | K9: Confirmed | L9: 1088
A10: 1003110 | B10: SB056216710 | C10: 4 | D10: 45539 | E10: 2 | F10: 26 | G10: 1 | H10: 2S | I10: 45513.625 | J10: 4 | K10: Confirmed | L10: 5256
A11: 1003866 | B11: SB809652026 | C11: 5 | D11: 45572 | E11: 3 | F11: 1 | G11: 32 | H11: 3A | I11: 45520.349 | J11: 1 | K11: Confirmed | L11: 3694
A12: 1004416 | B12: SB749320576 | C12: 20 | D12: 45552 | E12: 14 | F12: 16 | G12: 5 | H12: SL | I12: 45524.599 | J12: 1 | K12: Confirmed | L12: 482
A13: 1004645 | B13: SB615109845 | C13: 3 | D13: 45615 | E13: 1 | F13: 1 | G13: 26 | H13: 2S | I13: 45526.409 | J13: 1 | K13: Confirmed | L13: 1314
... A608: 1201825 | B608: SB258463825 | C608: 41 | D608: 46265 | E608: 31 | F608: 15 | G608: 31 | H608: 3A | I608: 46262.399 | J608: 4 | K608: Cancelled | L608: 10511

Sheet Clean_Passengers_Solution
A1: passenger_id | B1: booking_id | C1: passenger_seq | D1: age_band | E1: fare_amount | F1: initial_status | G1: final_status | H1: cancellation_id | J1: SYNTHETIC DATA (cleaned solution for the defect-enriched sample). Not real data.
A2: 1257 | B2: 1000611 | C2: 1 | D2: Adult | E2: 1314 | F2: Confirmed | G2: Confirmed
A3: 1258 | B3: 1000611 | C3: 2 | D3: Adult | E3: 1314 | F3: Confirmed | G3: Confirmed
A4: 1259 | B4: 1000611 | C4: 3 | D4: Adult | E4: 1314 | F4: Confirmed | G4: Confirmed
A5: 1260 | B5: 1000611 | C5: 4 | D5: Senior | E5: 789 | F5: Confirmed | G5: Confirmed
A6: 3797 | B6: 1001896 | C6: 1 | D6: Adult | E6: 1053 | F6: Confirmed | G6: Confirmed
A7: 3798 | B7: 1001896 | C7: 2 | D7: Adult | E7: 1053 | F7: Confirmed | G7: Confirmed
A8: 3799 | B8: 1001896 | C8: 3 | D8: Adult | E8: 1053 | F8: Confirmed | G8: Confirmed
A9: 4015 | B9: 1002009 | C9: 1 | D9: Adult | E9: 544 | F9: Confirmed | G9: Confirmed
A10: 4016 | B10: 1002009 | C10: 2 | D10: Child | E10: 272 | F10: Confirmed | G10: Confirmed
A11: 4783 | B11: 1002389 | C11: 1 | D11: Adult | E11: 872 | F11: Confirmed | G11: Confirmed
A12: 4784 | B12: 1002389 | C12: 2 | D12: Child | E12: 436 | F12: Confirmed | G12: Confirmed
A13: 5077 | B13: 1002524 | C13: 1 | D13: Adult | E13: 2402 | F13: Confirmed | G13: Confirmed
... A26: 9483 | B26: 1004645 | C26: 1 | D26: Adult | E26: 1314 | F26: Confirmed | G26: Confirmed
A27: 9822 | B27: 1004815 | C27: 1 | D27: Adult | E27: 804 | F27: Confirmed | G27: Cancelled | H27: 776
A28: 9892 | B28: 1004847 | C28: 1 | D28: Adult | E28: 3219 | F28: Confirmed | G28: Cancelled | H28: 2735
A29: 10555 | B29: 1005162 | C29: 1 | D29: Adult | E29: 1854 | F29: Confirmed | G29: Confirmed
A30: 11394 | B30: 1005562 | C30: 1 | D30: Adult | E30: 870 | F30: Confirmed | G30: Confirmed
A31: 11395 | B31: 1005562 | C31: 2 | D31: Senior | E31: 522 | F31: Confirmed | G31: Confirmed
A32: 11428 | B32: 1005583 | C32: 1 | D32: Adult | E32: 1390 | F32: Confirmed | G32: Confirmed
A33: 12364 | B33: 1006037 | C33: 1 | D33: Adult | E33: 2211 | F33: Confirmed | G33: Confirmed
A34: 12365 | B34: 1006037 | C34: 2 | D34: Adult | E34: 2211 | F34: Confirmed | G34: Confirmed
A35: 12366 | B35: 1006037 | C35: 3 | D35: Adult | E35: 2211 | F35: Confirmed | G35: Confirmed
A36: 13013 | B36: 1006359 | C36: 1 | D36: Senior | E36: 393 | F36: Confirmed | G36: Cancelled | H36: 629
A37: 13257 | B37: 1006475 | C37: 1 | D37: Adult | E37: 833 | F37: Confirmed | G37: Confirmed
A38: 13258 | B38: 1006475 | C38: 2 | D38: Adult | E38: 833 | F38: Confirmed | G38: Confirmed
A39: 13659 | B39: 1006678 | C39: 1 | D39: Adult | E39: 1176 | F39: Confirmed | G39: Confirmed
A40: 13660 | B40: 1006678 | C40: 2 | D40: Child | E40: 588 | F40: Confirmed | G40: Confirmed
A41: 13661 | B41: 1006678 | C41: 3 | D41: Child | E41: 588 | F41: Confirmed | G41: Confirmed
A42: 13662 | B42: 1006678 | C42: 4 | D42: Adult | E42: 1176 | F42: Confirmed | G42: Confirmed
A43: 13663 | B43: 1006678 | C43: 5 | D43: Adult | E43: 1176 | F43: Confirmed | G43: Confirmed
A44: 13664 | B44: 1006678 | C44: 6 | D44: Adult | E44: 1176 | F44: Confirmed | G44: Confirmed
A45: 13672 | B45: 1006682 | C45: 1 | D45: Adult | E45: 1390 | F45: Confirmed | G45: Confirmed
A46: 13673 | B46: 1006682 | C46: 2 | D46: Child | E46: 695 | F46: Confirmed | G46: Confirmed
A47: 13674 | B47: 1006682 | C47: 3 | D47: Child | E47: 695 | F47: Confirmed | G47: Confirmed
A48: 13675 | B48: 1006682 | C48: 4 | D48: Adult | E48: 1390 | F48: Confirmed | G48: Confirmed
A49: 13715 | B49: 1006706 | C49: 1 | D49: Adult | E49: 753 | F49: Confirmed | G49: Cancelled | H49: 1069
A50: 14078 | B50: 1006886 | C50: 1 | D50: Adult | E50: 2429 | F50: Confirmed | G50: Confirmed
A51: 15276 | B51: 1007455 | C51: 1 | D51: Adult | E51: 854 | F51: Confirmed | G51: Confirmed
A52: 15602 | B52: 1007632 | C52: 1 | D52: Adult | E52: 3694 | F52: Confirmed | G52: Confirmed
A53: 15603 | B53: 1007632 | C53: 2 | D53: Adult | E53: 3694 | F53: Confirmed | G53: Confirmed
A54: 15673 | B54: 1007669 | C54: 1 | D54: Unknown | E54: 2795 | F54: Confirmed | G54: Confirmed
A55: 15674 | B55: 1007669 | C55: 2 | D55: Adult | E55: 2795 | F55: Confirmed | G55: Confirmed
A56: 16793 | B56: 1008214 | C56: 1 | D56: Senior | E56: 501 | F56: Confirmed | G56: Confirmed
A57: 16794 | B57: 1008214 | C57: 2 | D57: Adult | E57: 834 | F57: Confirmed | G57: Confirmed
A58: 16795 | B58: 1008214 | C58: 3 | D58: Adult | E58: 834 | F58: Confirmed | G58: Confirmed
A59: 18053 | B59: 1008844 | C59: 1 | D59: Adult | E59: 834 | F59: Confirmed | G59: Confirmed
A60: 18054 | B60: 1008844 | C60: 2 | D60: Adult | E60: 834 | F60: Confirmed | G60: Cancelled | H60: 2080
A61: 18055 | B61: 1008844 | C61: 3 | D61: Adult | E61: 834 | F61: Confirmed | G61: Cancelled | H61: 2080
A62: 18092 | B62: 1008865 | C62: 1 | D62: Adult | E62: 3026 | F62: Confirmed | G62: Confirmed
A63: 18529 | B63: 1009096 | C63: 1 | D63: Adult | E63: 4011 | F63: Confirmed | G63: Confirmed
A64: 18530 | B64: 1009096 | C64: 2 | D64: Adult | E64: 4011 | F64: Confirmed | G64: Confirmed
A65: 22226 | B65: 1010912 | C65: 1 | D65: Senior | E65: 452 | F65: Waitlisted | G65: Waitlisted | H65: 1514
A66: 23043 | B66: 1011314 | C66: 1 | D66: Adult | E66: 1731 | F66: Confirmed | G66: Cancelled | H66: 6520
A67: 23745 | B67: 1011658 | C67: 1 | D67: Adult | E67: 1379 | F67: Confirmed | G67: Confirmed
A68: 23746 | B68: 1011658 | C68: 2 | D68: Adult | E68: 1379 | F68: Confirmed | G68: Confirmed
A69: 23747 | B69: 1011658 | C69: 3 | D69: Adult | E69: 1379 | F69: Confirmed | G69: Confirmed
A70: 23748 | B70: 1011658 | C70: 4 | D70: Adult | E70: 1379 | F70: Confirmed | G70: Confirmed
A71: 24309 | B71: 1011942 | C71: 1 | D71: Adult | E71: 1008 | F71: Confirmed | G71: Confirmed
A72: 24490 | B72: 1012042 | C72: 1 | D72: Adult | E72: 1390 | F72: Confirmed | G72: Confirmed
A73: 25179 | B73: 1012374 | C73: 1 | D73: Adult | E73: 2130 | F73: Confirmed | G73: Cancelled | H73: 2515
A74: 25363 | B74: 1012464 | C74: 1 | D74: Adult | E74: 2402 | F74: RAC | G74: RAC
A75: 25986 | B75: 1012794 | C75: 1 | D75: Adult | E75: 582 | F75: Confirmed | G75: Confirmed
A76: 25987 | B76: 1012794 | C76: 2 | D76: Senior | E76: 349 | F76: Confirmed | G76: Confirmed
A77: 26888 | B77: 1013233 | C77: 1 | D77: Adult | E77: 654 | F77: Confirmed | G77: Cancelled | H77: 1680
A78: 26961 | B78: 1013270 | C78: 1 | D78: Adult | E78: 950 | F78: Confirmed | G78: Cancelled | H78: 1729
A79: 27417 | B79: 1013494 | C79: 1 | D79: Adult | E79: 804 | F79: Confirmed | G79: Confirmed
A80: 27418 | B80: 1013494 | C80: 2 | D80: Senior | E80: 482 | F80: Confirmed | G80: Confirmed
A81: 27419 | B81: 1013494 | C81: 3 | D81: Adult | E81: 804 | F81: Confirmed | G81: Confirmed
A82: 27422 | B82: 1013497 | C82: 1 | D82: Adult | E82: 2784 | F82: Confirmed | G82: Confirmed
A83: 27423 | B83: 1013497 | C83: 2 | D83: Adult | E83: 2784 | F83: Confirmed | G83: Cancelled | H83: 2032
A84: 27897 | B84: 1013731 | C84: 1 | D84: Adult | E84: 1390 | F84: Confirmed | G84: Confirmed
A85: 27898 | B85: 1013731 | C85: 2 | D85: Senior | E85: 834 | F85: Confirmed | G85: Confirmed
A86: 27899 | B86: 1013731 | C86: 3 | D86: Adult | E86: 1390 | F86: Confirmed | G86: Confirmed
A87: 28319 | B87: 1013942 | C87: 1 | D87: Senior | E87: 1358 | F87: Confirmed | G87: Confirmed
A88: 30557 | B88: 1015068 | C88: 1 | D88: Adult | E88: 668 | F88: Confirmed | G88: Confirmed
A89: 30798 | B89: 1015189 | C89: 1 | D89: Adult | E89: 4142 | F89: Confirmed | G89: Confirmed
A90: 30799 | B90: 1015189 | C90: 2 | D90: Adult | E90: 4142 | F90: Confirmed | G90: Confirmed
A91: 30800 | B91: 1015189 | C91: 3 | D91: Child | E91: 2071 | F91: Confirmed | G91: Confirmed
A92: 30964 | B92: 1015275 | C92: 1 | D92: Adult | E92: 4198 | F92: Confirmed | G92: Cancelled | H92: 4488
A93: 30965 | B93: 1015275 | C93: 2 | D93: Child | E93: 2099 | F93: Confirmed | G93: Cancelled | H93: 4488
A94: 31307 | B94: 1015447 | C94: 1 | D94: Adult | E94: 1212 | F94: Confirmed | G94: Cancelled | H94: 1950
A95: 31308 | B95: 1015447 | C95: 2 | D95: Adult | E95: 1212 | F95: Confirmed | G95: Confirmed
A96: 31309 | B96: 1015447 | C96: 3 | D96: Adult | E96: 1212 | F96: Confirmed | G96: Confirmed
A97: 31957 | B97: 1015771 | C97: 1 | D97: Adult | E97: 3219 | F97: Confirmed | G97: Confirmed
A98: 31958 | B98: 1015771 | C98: 2 | D98: Adult | E98: 3219 | F98: Confirmed | G98: Confirmed
A99: 31995 | B99: 1015789 | C99: 1 | D99: Adult | E99: 1854 | F99: Confirmed | G99: Confirmed
A100: 31996 | B100: 1015789 | C100: 2 | D100: Adult | E100: 1854 | F100: Confirmed | G100: Confirmed
A101: 31997 | B101: 1015789 | C101: 3 | D101: Senior | E101: 1113 | F101: Confirmed | G101: Confirmed
A102: 31998 | B102: 1015789 | C102: 4 | D102: Senior | E102: 1113 | F102: Confirmed | G102: Confirmed
A103: 32076 | B103: 1015827 | C103: 1 | D103: Adult | E103: 2211 | F103: Confirmed | G103: Confirmed
A104: 33872 | B104: 1016727 | C104: 1 | D104: Senior | E104: 549 | F104: Confirmed | G104: Confirmed
A105: 34059 | B105: 1016823 | C105: 1 | D105: Adult | E105: 3302 | F105: Confirmed | G105: Confirmed
A106: 34060 | B106: 1016823 | C106: 2 | D106: Adult | E106: 3302 | F106: Confirmed | G106: Confirmed
... A124: 37219 | B124: 1018391 | C124: 5 | D124: Adult | E124: 2429 | F124: Confirmed | G124: Confirmed
A125: 38789 | B125: 1019199 | C125: 1 | D125: Senior | E125: 948 | F125: Waitlisted | G125: Waitlisted | H125: 3517
A126: 38790 | B126: 1019199 | C126: 2 | D126: Adult | E126: 1579 | F126: Waitlisted | G126: Waitlisted | H126: 3517
A127: 38791 | B127: 1019199 | C127: 3 | D127: Adult | E127: 1579 | F127: Waitlisted | G127: Waitlisted | H127: 3517
A128: 40321 | B128: 1019981 | C128: 1 | D128: Adult | E128: 1087 | F128: Confirmed | G128: Confirmed
A129: 40322 | B129: 1019981 | C129: 2 | D129: Adult | E129: 1087 | F129: Confirmed | G129: Confirmed
...
