Workbook

Sheet Instructions
A1: Cancellation and Refund Tracker template (Google Sheets)
A2: SYNTHETIC SAMPLE DATA from a sampled simulation (768 simulated runs of 19,708 scheduled, 3.9%). Not IRCTC or Indian Railways metrics. Compare months with per-run and capacity-normalised measures, not raw monthly totals. Targets and thresholds are illustrative.
A4: 1. Import the .xlsx (File > Import). Enter monthly counts and amounts on Inputs_Monthly (yellow); Analysis and the alert flags are formulas.
A5: 2. Cancellation Rate is passenger-based (denominator: total passengers). The booking-based rate (denominator: total bookings) is the companion. System auto-refunds of uncleared waitlisted passengers are NOT passenger cancellations and are tracked separately.
A6: 3. Refund % of gross = (passenger-event refunds + system-event refunds) / gross booking value. Charges as % of (refunds + charges) shows how much of the refundable fare was retained.
A7: 4. Thresholds (editable, illustrative) drive the ALERT / OK flags. Lead_Time takes passengers and cancelled passengers per booking lead-time bucket.
A8: 5. Sample rows are synthetic and come from a sampled simulation; the cancellation-versus-lead-time pattern was built into the generator, so it shows how to analyse such a pattern, not a real-world finding.

Sheet Inputs_Monthly
A1: Inputs: monthly cancellation and refund data (sample rows are synthetic)
A2: SYNTHETIC SAMPLE DATA from a sampled simulation (768 simulated runs of 19,708 scheduled, 3.9%). Not IRCTC or Indian Railways metrics. Compare months with per-run and capacity-normalised measures, not raw monthly totals. Targets and thresholds are illustrative.
A4: Journey month | B4: Total bookings | C4: Total passengers | D4: Cancelled bookings (all passengers cancelled) | E4: Cancelled passengers | F4: Uncleared WL passengers (system refunded) | G4: Gross booking value (INR) | H4: Refunds: Passenger events (INR) | I4: Refunds: System events (INR) | J4: Cancellation charges retained (INR)
A5: 2024-09 | B5: 5944 | C5: 12159 | D5: 759 | E5: 1609 | F5: 348 | G5: 18403297 | H5: 2016835.8 | I5: 341548 | J5: 290475.25
A6: 2024-10 | B6: 7727 | C6: 15448 | D6: 1052 | E6: 2135 | F6: 530 | G6: 24124782 | H6: 2802046.2 | I6: 792900 | J6: 381198.75
A7: 2024-11 | B7: 7934 | C7: 16023 | D7: 1042 | E7: 2168 | F7: 949 | G7: 23920040 | H7: 2806943.2 | I7: 1383591 | J7: 384925.75
A8: 2024-12 | B8: 7457 | C8: 14941 | D8: 954 | E8: 1932 | F8: 566 | G8: 23795348 | H8: 2567619 | I8: 881704 | J8: 330869
A9: 2025-01 | B9: 7939 | C9: 16225 | D9: 1055 | E9: 2231 | F9: 552 | G9: 23019795 | H9: 2686487.8 | I9: 737521 | J9: 361351.25
A10: 2025-02 | B10: 7165 | C10: 14255 | D10: 906 | E10: 1878 | F10: 562 | G10: 21171056 | H10: 2316745.5 | I10: 793710 | J10: 329035.5
A11: 2025-03 | B11: 9243 | C11: 18628 | D11: 1209 | E11: 2515 | F11: 1322 | G11: 26983278 | H11: 3105831.5 | I11: 1791062 | J11: 392228.5
A12: 2025-04 | B12: 9150 | C12: 18515 | D12: 1169 | E12: 2552 | F12: 1109 | G12: 28114523 | H12: 3363087.5 | I12: 1740026 | J12: 431257.5
A13: 2025-05 | B13: 10856 | C13: 21782 | D13: 1511 | E13: 3120 | F13: 1896 | G13: 30910281 | H13: 3749077.2 | I13: 2779206 | J13: 525630.75
A14: 2025-06 | B14: 8073 | C14: 16270 | D14: 1066 | E14: 2218 | F14: 949 | G14: 23448148 | H14: 2619496.5 | I14: 1204565 | J14: 369654.5
A15: 2025-07 | B15: 7382 | C15: 15103 | D15: 950 | E15: 2043 | F15: 530 | G15: 21550999 | H15: 2485404 | I15: 530011 | J15: 376311
A16: 2025-08 | B16: 7166 | C16: 14583 | D16: 847 | E16: 1804 | F16: 457 | G16: 21977558 | H16: 2256505 | I16: 870003 | J16: 321344
... A28: 2026-08 | B28: 8243 | C28: 16613 | D28: 1041 | E28: 2238 | F28: 834 | G28: 27080300 | H28: 3077661.2 | I28: 1225410 | J28: 419787.75

Sheet Analysis
A1: Analysis (formulas; do not overwrite)
A2: SYNTHETIC SAMPLE DATA from a sampled simulation (768 simulated runs of 19,708 scheduled, 3.9%). Not IRCTC or Indian Railways metrics. Compare months with per-run and capacity-normalised measures, not raw monthly totals. Targets and thresholds are illustrative.
A4: Journey month | B4: Cancellation rate (passenger-based) | C4: Booking cancellation rate (companion) | D4: Refund amount (INR) | E4: Net booking value (INR) | F4: Refund % of gross | G4: System share of refunds | H4: Charges % of (refunds + charges) | I4: Uncleared WL as % of passengers | J4: Passenger-rate alert | K4: Refund-rate alert
A5: =IF(Inputs_Monthly!$A5="","",Inputs_Monthly!$A5) -> 2024-09 | B5: =IF(N(Inputs_Monthly!$C5)=0,"",Inputs_Monthly!$E5/Inputs_Monthly!$C5) -> 0.13232996 | C5: =IF(N(Inputs_Monthly!$B5)=0,"",Inputs_Monthly!$D5/Inputs_Monthly!$B5) -> 0.12769179 | D5: =IF(N(Inputs_Monthly!$G5)=0,"",Inputs_Monthly!$H5+Inputs_Monthly!$I5) -> 2358383.8 | E5: =IF(N(Inputs_Monthly!$G5)=0,"",Inputs_Monthly!$G5-D5) -> 16044913 | F5: =IF(N(Inputs_Monthly!$G5)=0,"",D5/Inputs_Monthly!$G5) -> 0.12815007 | G5: =IF(N(D5)=0,"",Inputs_Monthly!$I5/D5) -> 0.14482291 | H5: =IF(D5="","",IF(D5+N(Inputs_Monthly!$J5)=0,"",Inputs_Monthly!$J5/(D5+Inputs_Monthly!$J5))) -> 0.10966052 | I5: =IF(N(Inputs_Monthly!$C5)=0,"",Inputs_Monthly!$F5/Inputs_Monthly!$C5) -> 0.028620775 | J5: =IF(B5="","",IF(B5>Thresholds!$B$4,"ALERT","OK")) -> OK | K5: =IF(F5="","",IF(F5>Thresholds!$B$5,"ALERT","OK")) -> OK
A6: =IF(Inputs_Monthly!$A6="","",Inputs_Monthly!$A6) -> 2024-10 | B6: =IF(N(Inputs_Monthly!$C6)=0,"",Inputs_Monthly!$E6/Inputs_Monthly!$C6) -> 0.13820559 | C6: =IF(N(Inputs_Monthly!$B6)=0,"",Inputs_Monthly!$D6/Inputs_Monthly!$B6) -> 0.13614598 | D6: =IF(N(Inputs_Monthly!$G6)=0,"",Inputs_Monthly!$H6+Inputs_Monthly!$I6) -> 3594946.2 | E6: =IF(N(Inputs_Monthly!$G6)=0,"",Inputs_Monthly!$G6-D6) -> 20529836 | F6: =IF(N(Inputs_Monthly!$G6)=0,"",D6/Inputs_Monthly!$G6) -> 0.14901466 | G6: =IF(N(D6)=0,"",Inputs_Monthly!$I6/D6) -> 0.22055963 | H6: =IF(D6="","",IF(D6+N(Inputs_Monthly!$J6)=0,"",Inputs_Monthly!$J6/(D6+Inputs_Monthly!$J6))) -> 0.095871441 | I6: =IF(N(Inputs_Monthly!$C6)=0,"",Inputs_Monthly!$F6/Inputs_Monthly!$C6) -> 0.034308648 | J6: =IF(B6="","",IF(B6>Thresholds!$B$4,"ALERT","OK")) -> OK | K6: =IF(F6="","",IF(F6>Thresholds!$B$5,"ALERT","OK")) -> OK
A7: =IF(Inputs_Monthly!$A7="","",Inputs_Monthly!$A7) -> 2024-11 | B7: =IF(N(Inputs_Monthly!$C7)=0,"",Inputs_Monthly!$E7/Inputs_Monthly!$C7) -> 0.1353055 | C7: =IF(N(Inputs_Monthly!$B7)=0,"",Inputs_Monthly!$D7/Inputs_Monthly!$B7) -> 0.1313335 | D7: =IF(N(Inputs_Monthly!$G7)=0,"",Inputs_Monthly!$H7+Inputs_Monthly!$I7) -> 4190534.2 | E7: =IF(N(Inputs_Monthly!$G7)=0,"",Inputs_Monthly!$G7-D7) -> 19729506 | F7: =IF(N(Inputs_Monthly!$G7)=0,"",D7/Inputs_Monthly!$G7) -> 0.17518927 | G7: =IF(N(D7)=0,"",Inputs_Monthly!$I7/D7) -> 0.33017055 | H7: =IF(D7="","",IF(D7+N(Inputs_Monthly!$J7)=0,"",Inputs_Monthly!$J7/(D7+Inputs_Monthly!$J7))) -> 0.084128317 | I7: =IF(N(Inputs_Monthly!$C7)=0,"",Inputs_Monthly!$F7/Inputs_Monthly!$C7) -> 0.059227361 | J7: =IF(B7="","",IF(B7>Thresholds!$B$4,"ALERT","OK")) -> OK | K7: =IF(F7="","",IF(F7>Thresholds!$B$5,"ALERT","OK")) -> OK
A8: =IF(Inputs_Monthly!$A8="","",Inputs_Monthly!$A8) -> 2024-12 | B8: =IF(N(Inputs_Monthly!$C8)=0,"",Inputs_Monthly!$E8/Inputs_Monthly!$C8) -> 0.12930861 | C8: =IF(N(Inputs_Monthly!$B8)=0,"",Inputs_Monthly!$D8/Inputs_Monthly!$B8) -> 0.12793349 | D8: =IF(N(Inputs_Monthly!$G8)=0,"",Inputs_Monthly!$H8+Inputs_Monthly!$I8) -> 3449323 | E8: =IF(N(Inputs_Monthly!$G8)=0,"",Inputs_Monthly!$G8-D8) -> 20346025 | F8: =IF(N(Inputs_Monthly!$G8)=0,"",D8/Inputs_Monthly!$G8) -> 0.14495787 | G8: =IF(N(D8)=0,"",Inputs_Monthly!$I8/D8) -> 0.25561654 | H8: =IF(D8="","",IF(D8+N(Inputs_Monthly!$J8)=0,"",Inputs_Monthly!$J8/(D8+Inputs_Monthly!$J8))) -> 0.087527036 | I8: =IF(N(Inputs_Monthly!$C8)=0,"",Inputs_Monthly!$F8/Inputs_Monthly!$C8) -> 0.037882337 | J8: =IF(B8="","",IF(B8>Thresholds!$B$4,"ALERT","OK")) -> OK | K8: =IF(F8="","",IF(F8>Thresholds!$B$5,"ALERT","OK")) -> OK
A9: =IF(Inputs_Monthly!$A9="","",Inputs_Monthly!$A9) -> 2025-01 | B9: =IF(N(Inputs_Monthly!$C9)=0,"",Inputs_Monthly!$E9/Inputs_Monthly!$C9) -> 0.13750385 | C9: =IF(N(Inputs_Monthly!$B9)=0,"",Inputs_Monthly!$D9/Inputs_Monthly!$B9) -> 0.13288827 | D9: =IF(N(Inputs_Monthly!$G9)=0,"",Inputs_Monthly!$H9+Inputs_Monthly!$I9) -> 3424008.8 | E9: =IF(N(Inputs_Monthly!$G9)=0,"",Inputs_Monthly!$G9-D9) -> 19595786 | F9: =IF(N(Inputs_Monthly!$G9)=0,"",D9/Inputs_Monthly!$G9) -> 0.14874193 | G9: =IF(N(D9)=0,"",Inputs_Monthly!$I9/D9) -> 0.21539694 | H9: =IF(D9="","",IF(D9+N(Inputs_Monthly!$J9)=0,"",Inputs_Monthly!$J9/(D9+Inputs_Monthly!$J9))) -> 0.095460207 | I9: =IF(N(Inputs_Monthly!$C9)=0,"",Inputs_Monthly!$F9/Inputs_Monthly!$C9) -> 0.034021572 | J9: =IF(B9="","",IF(B9>Thresholds!$B$4,"ALERT","OK")) -> OK | K9: =IF(F9="","",IF(F9>Thresholds!$B$5,"ALERT","OK")) -> OK
A10: =IF(Inputs_Monthly!$A10="","",Inputs_Monthly!$A10) -> 2025-02 | B10: =IF(N(Inputs_Monthly!$C10)=0,"",Inputs_Monthly!$E10/Inputs_Monthly!$C10) -> 0.13174325 | C10: =IF(N(Inputs_Monthly!$B10)=0,"",Inputs_Monthly!$D10/Inputs_Monthly!$B10) -> 0.12644801 | D10: =IF(N(Inputs_Monthly!$G10)=0,"",Inputs_Monthly!$H10+Inputs_Monthly!$I10) -> 3110455.5 | E10: =IF(N(Inputs_Monthly!$G10)=0,"",Inputs_Monthly!$G10-D10) -> 18060600 | F10: =IF(N(Inputs_Monthly!$G10)=0,"",D10/Inputs_Monthly!$G10) -> 0.14692019 | G10: =IF(N(D10)=0,"",Inputs_Monthly!$I10/D10) -> 0.25517484 | H10: =IF(D10="","",IF(D10+N(Inputs_Monthly!$J10)=0,"",Inputs_Monthly!$J10/(D10+Inputs_Monthly!$J10))) -> 0.09566401 | I10: =IF(N(Inputs_Monthly!$C10)=0,"",Inputs_Monthly!$F10/Inputs_Monthly!$C10) -> 0.039424763 | J10: =IF(B10="","",IF(B10>Thresholds!$B$4,"ALERT","OK")) -> OK | K10: =IF(F10="","",IF(F10>Thresholds!$B$5,"ALERT","OK")) -> OK
A11: =IF(Inputs_Monthly!$A11="","",Inputs_Monthly!$A11) -> 2025-03 | B11: =IF(N(Inputs_Monthly!$C11)=0,"",Inputs_Monthly!$E11/Inputs_Monthly!$C11) -> 0.13501181 | C11: =IF(N(Inputs_Monthly!$B11)=0,"",Inputs_Monthly!$D11/Inputs_Monthly!$B11) -> 0.13080169 | D11: =IF(N(Inputs_Monthly!$G11)=0,"",Inputs_Monthly!$H11+Inputs_Monthly!$I11) -> 4896893.5 | E11: =IF(N(Inputs_Monthly!$G11)=0,"",Inputs_Monthly!$G11-D11) -> 22086384 | F11: =IF(N(Inputs_Monthly!$G11)=0,"",D11/Inputs_Monthly!$G11) -> 0.18147882 | G11: =IF(N(D11)=0,"",Inputs_Monthly!$I11/D11) -> 0.36575474 | H11: =IF(D11="","",IF(D11+N(Inputs_Monthly!$J11)=0,"",Inputs_Monthly!$J11/(D11+Inputs_Monthly!$J11))) -> 0.074157582 | I11: =IF(N(Inputs_Monthly!$C11)=0,"",Inputs_Monthly!$F11/Inputs_Monthly!$C11) -> 0.070968435 | J11: =IF(B11="","",IF(B11>Thresholds!$B$4,"ALERT","OK")) -> OK | K11: =IF(F11="","",IF(F11>Thresholds!$B$5,"ALERT","OK")) -> OK
A12: =IF(Inputs_Monthly!$A12="","",Inputs_Monthly!$A12) -> 2025-04 | B12: =IF(N(Inputs_Monthly!$C12)=0,"",Inputs_Monthly!$E12/Inputs_Monthly!$C12) -> 0.13783419 | C12: =IF(N(Inputs_Monthly!$B12)=0,"",Inputs_Monthly!$D12/Inputs_Monthly!$B12) -> 0.12775956 | D12: =IF(N(Inputs_Monthly!$G12)=0,"",Inputs_Monthly!$H12+Inputs_Monthly!$I12) -> 5103113.5 | E12: =IF(N(Inputs_Monthly!$G12)=0,"",Inputs_Monthly!$G12-D12) -> 23011410 | F12: =IF(N(Inputs_Monthly!$G12)=0,"",D12/Inputs_Monthly!$G12) -> 0.18151165 | G12: =IF(N(D12)=0,"",Inputs_Monthly!$I12/D12) -> 0.34097341 | H12: =IF(D12="","",IF(D12+N(Inputs_Monthly!$J12)=0,"",Inputs_Monthly!$J12/(D12+Inputs_Monthly!$J12))) -> 0.077923489 | I12: =IF(N(Inputs_Monthly!$C12)=0,"",Inputs_Monthly!$F12/Inputs_Monthly!$C12) -> 0.059897381 | J12: =IF(B12="","",IF(B12>Thresholds!$B$4,"ALERT","OK")) -> OK | K12: =IF(F12="","",IF(F12>Thresholds!$B$5,"ALERT","OK")) -> OK
A13: =IF(Inputs_Monthly!$A13="","",Inputs_Monthly!$A13) -> 2025-05 | B13: =IF(N(Inputs_Monthly!$C13)=0,"",Inputs_Monthly!$E13/Inputs_Monthly!$C13) -> 0.14323754 | C13: =IF(N(Inputs_Monthly!$B13)=0,"",Inputs_Monthly!$D13/Inputs_Monthly!$B13) -> 0.1391857 | D13: =IF(N(Inputs_Monthly!$G13)=0,"",Inputs_Monthly!$H13+Inputs_Monthly!$I13) -> 6528283.2 | E13: =IF(N(Inputs_Monthly!$G13)=0,"",Inputs_Monthly!$G13-D13) -> 24381998 | F13: =IF(N(Inputs_Monthly!$G13)=0,"",D13/Inputs_Monthly!$G13) -> 0.21120103 | G13: =IF(N(D13)=0,"",Inputs_Monthly!$I13/D13) -> 0.42571774 | H13: =IF(D13="","",IF(D13+N(Inputs_Monthly!$J13)=0,"",Inputs_Monthly!$J13/(D13+Inputs_Monthly!$J13))) -> 0.074516183 | I13: =IF(N(Inputs_Monthly!$C13)=0,"",Inputs_Monthly!$F13/Inputs_Monthly!$C13) -> 0.087044349 | J13: =IF(B13="","",IF(B13>Thresholds!$B$4,"ALERT","OK")) -> OK | K13: =IF(F13="","",IF(F13>Thresholds!$B$5,"ALERT","OK")) -> ALERT
A14: =IF(Inputs_Monthly!$A14="","",Inputs_Monthly!$A14) -> 2025-06 | B14: =IF(N(Inputs_Monthly!$C14)=0,"",Inputs_Monthly!$E14/Inputs_Monthly!$C14) -> 0.13632452 | C14: =IF(N(Inputs_Monthly!$B14)=0,"",Inputs_Monthly!$D14/Inputs_Monthly!$B14) -> 0.13204509 | D14: =IF(N(Inputs_Monthly!$G14)=0,"",Inputs_Monthly!$H14+Inputs_Monthly!$I14) -> 3824061.5 | E14: =IF(N(Inputs_Monthly!$G14)=0,"",Inputs_Monthly!$G14-D14) -> 19624086 | F14: =IF(N(Inputs_Monthly!$G14)=0,"",D14/Inputs_Monthly!$G14) -> 0.16308587 | G14: =IF(N(D14)=0,"",Inputs_Monthly!$I14/D14) -> 0.31499624 | H14: =IF(D14="","",IF(D14+N(Inputs_Monthly!$J14)=0,"",Inputs_Monthly!$J14/(D14+Inputs_Monthly!$J14))) -> 0.088144858 | I14: =IF(N(Inputs_Monthly!$C14)=0,"",Inputs_Monthly!$F14/Inputs_Monthly!$C14) -> 0.058328211 | J14: =IF(B14="","",IF(B14>Thresholds!$B$4,"ALERT","OK")) -> OK | K14: =IF(F14="","",IF(F14>Thresholds!$B$5,"ALERT","OK")) -> OK
A15: =IF(Inputs_Monthly!$A15="","",Inputs_Monthly!$A15) -> 2025-07 | B15: =IF(N(Inputs_Monthly!$C15)=0,"",Inputs_Monthly!$E15/Inputs_Monthly!$C15) -> 0.13527114 | C15: =IF(N(Inputs_Monthly!$B15)=0,"",Inputs_Monthly!$D15/Inputs_Monthly!$B15) -> 0.12869141 | D15: =IF(N(Inputs_Monthly!$G15)=0,"",Inputs_Monthly!$H15+Inputs_Monthly!$I15) -> 3015415 | E15: =IF(N(Inputs_Monthly!$G15)=0,"",Inputs_Monthly!$G15-D15) -> 18535584 | F15: =IF(N(Inputs_Monthly!$G15)=0,"",D15/Inputs_Monthly!$G15) -> 0.13991996 | G15: =IF(N(D15)=0,"",Inputs_Monthly!$I15/D15) -> 0.17576718 | H15: =IF(D15="","",IF(D15+N(Inputs_Monthly!$J15)=0,"",Inputs_Monthly!$J15/(D15+Inputs_Monthly!$J15))) -> 0.11094971 | I15: =IF(N(Inputs_Monthly!$C15)=0,"",Inputs_Monthly!$F15/Inputs_Monthly!$C15) -> 0.035092366 | J15: =IF(B15="","",IF(B15>Thresholds!$B$4,"ALERT","OK")) -> OK | K15: =IF(F15="","",IF(F15>Thresholds!$B$5,"ALERT","OK")) -> OK
A16: =IF(Inputs_Monthly!$A16="","",Inputs_Monthly!$A16) -> 2025-08 | B16: =IF(N(Inputs_Monthly!$C16)=0,"",Inputs_Monthly!$E16/Inputs_Monthly!$C16) -> 0.12370568 | C16: =IF(N(Inputs_Monthly!$B16)=0,"",Inputs_Monthly!$D16/Inputs_Monthly!$B16) -> 0.11819704 | D16: =IF(N(Inputs_Monthly!$G16)=0,"",Inputs_Monthly!$H16+Inputs_Monthly!$I16) -> 3126508 | E16: =IF(N(Inputs_Monthly!$G16)=0,"",Inputs_Monthly!$G16-D16) -> 18851050 | F16: =IF(N(Inputs_Monthly!$G16)=0,"",D16/Inputs_Monthly!$G16) -> 0.14225912 | G16: =IF(N(D16)=0,"",Inputs_Monthly!$I16/D16) -> 0.27826668 | H16: =IF(D16="","",IF(D16+N(Inputs_Monthly!$J16)=0,"",Inputs_Monthly!$J16/(D16+Inputs_Monthly!$J16))) -> 0.093201216 | I16: =IF(N(Inputs_Monthly!$C16)=0,"",Inputs_Monthly!$F16/Inputs_Monthly!$C16) -> 0.031337859 | J16: =IF(B16="","",IF(B16>Thresholds!$B$4,"ALERT","OK")) -> OK | K16: =IF(F16="","",IF(F16>Thresholds!$B$5,"ALERT","OK")) -> OK
... A40: =IF(Inputs_Monthly!$A40="","",Inputs_Monthly!$A40) | B40: =IF(N(Inputs_Monthly!$C40)=0,"",Inputs_Monthly!$E40/Inputs_Monthly!$C40) | C40: =IF(N(Inputs_Monthly!$B40)=0,"",Inputs_Monthly!$D40/Inputs_Monthly!$B40) | D40: =IF(N(Inputs_Monthly!$G40)=0,"",Inputs_Monthly!$H40+Inputs_Monthly!$I40) | E40: =IF(N(Inputs_Monthly!$G40)=0,"",Inputs_Monthly!$G40-D40) | F40: =IF(N(Inputs_Monthly!$G40)=0,"",D40/Inputs_Monthly!$G40) | G40: =IF(N(D40)=0,"",Inputs_Monthly!$I40/D40) | H40: =IF(D40="","",IF(D40+N(Inputs_Monthly!$J40)=0,"",Inputs_Monthly!$J40/(D40+Inputs_Monthly!$J40))) | I40: =IF(N(Inputs_Monthly!$C40)=0,"",Inputs_Monthly!$F40/Inputs_Monthly!$C40) | J40: =IF(B40="","",IF(B40>Thresholds!$B$4,"ALERT","OK")) | K40: =IF(F40="","",IF(F40>Thresholds!$B$5,"ALERT","OK"))

Sheet Lead_Time
A1: Cancellation by booking lead time (sample rows are synthetic)
A2: SYNTHETIC SAMPLE DATA from a sampled simulation (768 simulated runs of 19,708 scheduled, 3.9%). Not IRCTC or Indian Railways metrics. Compare months with per-run and capacity-normalised measures, not raw monthly totals. Targets and thresholds are illustrative.
A4: Lead bucket | B4: Passengers | C4: Cancelled passengers | D4: Cancellation rate (passenger-based)
A5: 0-3 days | B5: 48009 | C5: 4558 | D5: =IF(N(B5)=0,"",C5/B5) -> 0.094940532
A6: 4-14 days | B6: 98830 | C6: 10591 | D6: =IF(N(B6)=0,"",C6/B6) -> 0.10716382
A7: 15-30 days | B7: 101073 | C7: 12600 | D7: =IF(N(B7)=0,"",C7/B7) -> 0.12466237
A8: 31-60 days | B8: 104916 | C8: 16478 | D8: =IF(N(B8)=0,"",C8/B8) -> 0.15705898
A9: 61-120 days | B9: 52372 | C9: 11753 | D9: =IF(N(B9)=0,"",C9/B9) -> 0.22441381

Sheet Thresholds
A1: Alert thresholds (illustrative, editable)
A2: SYNTHETIC SAMPLE DATA from a sampled simulation (768 simulated runs of 19,708 scheduled, 3.9%). Not IRCTC or Indian Railways metrics. Compare months with per-run and capacity-normalised measures, not raw monthly totals. Targets and thresholds are illustrative.
A4: Passenger cancellation rate alert above | B4: 0.15
A5: Refund % of gross alert above | B5: 0.2
A6: System share of refunds alert above | B6: 0.6
