Workbook

Sheet Instructions
A1: KPI Tracker template (Google Sheets)
A2: SYNTHETIC SAMPLE DATA from a sampled simulation (768 simulated runs of 19,708 scheduled, 3.9%). Not IRCTC or Indian Railways metrics. Compare months with per-run and capacity-normalised measures, not raw monthly totals. Targets and thresholds are illustrative.
A4: 1. Import: Google Sheets > File > Import > Upload > choose this .xlsx > 'Replace spreadsheet' or 'Insert new sheet(s)'. Formulas, formatting and drop-downs import; re-check the charts (Insert > Chart) if they look different.
A5: 2. Inputs_Monthly (yellow): one row per journey month. Enter counts only; every KPI is calculated on KPI_Tracker. Fill months contiguously from the first row (the Targets sheet reads the last filled month).
A6: 3. Denominators (docs/KPI_definitions.md): passenger cancellation rate = cancelled passengers / total passengers; booking cancellation rate = cancelled bookings / total bookings; clearance = cleared / initially waitlisted; occupancy = (confirmed + RAC weight x RAC) / seats; waitlist pressure = uncleared waitlist / seats; on-time = on-time runs / runs with a recorded delay.
A7: 4. Fully confirmed bookings mean EVERY passenger is Confirmed. Mixed-status bookings are reported separately.
A8: 5. Targets: edit the yellow targets and tolerances. Status shows On target, Watch or Off target for the last filled month. Targets are illustrative.
A9: 6. Sample rows are synthetic and come from a sampled simulation (32 simulated runs per month). Because of that, compare months on per-run and normalised measures, not on raw totals.

Sheet Inputs_Monthly
A1: Inputs: monthly counts (sample rows are synthetic)
A2: SYNTHETIC SAMPLE DATA from a sampled simulation (768 simulated runs of 19,708 scheduled, 3.9%). Not IRCTC or Indian Railways metrics. Compare months with per-run and capacity-normalised measures, not raw monthly totals. Targets and thresholds are illustrative.
A4: Journey month | B4: Simulated runs | C4: Total bookings | D4: Total passengers | E4: Fully confirmed bookings | F4: Mixed-status bookings | G4: Cancelled bookings (all passengers cancelled) | H4: Cancelled passengers | I4: Waiting-list demand (initial WL passengers) | J4: WL passengers later Confirmed or RAC | K4: Uncleared WL passengers | L4: Confirmed passengers | M4: RAC passengers | N4: Available seats | O4: Gross booking value (INR) | P4: Refund amount (INR) | Q4: Runs with recorded delay | R4: On-time runs | S4: Sum of max(delay,0) minutes
A5: 2024-09 | B5: 32 | C5: 5944 | D5: 12159 | E5: 4724 | F5: 115 | G5: 759 | H5: 1609 | I5: 490 | J5: 66 | K5: 348 | L5: 9853 | M5: 349 | N5: 17174 | O5: 18403297 | P5: 2358383.8 | Q5: 31 | R5: 25 | S5: 346
A6: 2024-10 | B6: 32 | C6: 7727 | D6: 15448 | E6: 5863 | F6: 167 | G6: 1052 | H6: 2135 | I6: 770 | J6: 133 | K6: 530 | L6: 12042 | M6: 741 | N6: 18160 | O6: 24124782 | P6: 3594946.2 | Q6: 31 | R6: 25 | S6: 279
A7: 2024-11 | B7: 32 | C7: 7934 | D7: 16023 | E7: 5763 | F7: 202 | G7: 1042 | H7: 2168 | I7: 1503 | J7: 318 | K7: 949 | L7: 11986 | M7: 920 | N7: 17738 | O7: 23920040 | P7: 4190534.2 | Q7: 31 | R7: 22 | S7: 338
A8: 2024-12 | B8: 32 | C8: 7457 | D8: 14941 | E8: 5710 | F8: 151 | G8: 954 | H8: 1932 | I8: 795 | J8: 128 | K8: 566 | L8: 11736 | M8: 707 | N8: 18264 | O8: 23795348 | P8: 3449323 | Q8: 32 | R8: 26 | S8: 636
A9: 2025-01 | B9: 32 | C9: 7939 | D9: 16225 | E9: 6173 | F9: 165 | G9: 1055 | H9: 2231 | I9: 829 | J9: 130 | K9: 552 | L9: 12886 | M9: 556 | N9: 19104 | O9: 23019795 | P9: 3424008.8 | Q9: 31 | R9: 22 | S9: 704
A10: 2025-02 | B10: 32 | C10: 7165 | D10: 14255 | E10: 5588 | F10: 149 | G10: 906 | H10: 1878 | I10: 771 | J10: 98 | K10: 562 | L10: 11330 | M10: 485 | N10: 17774 | O10: 21171056 | P10: 3110455.5 | Q10: 32 | R10: 19 | S10: 816
A11: 2025-03 | B11: 32 | C11: 9243 | D11: 18628 | E11: 6545 | F11: 198 | G11: 1209 | H11: 2515 | I11: 1998 | J11: 376 | K11: 1322 | L11: 13507 | M11: 1284 | N11: 17830 | O11: 26983278 | P11: 4896893.5 | Q11: 31 | R11: 24 | S11: 624
A12: 2025-04 | B12: 32 | C12: 9150 | D12: 18515 | E12: 6699 | F12: 237 | G12: 1169 | H12: 2552 | I12: 1681 | J12: 326 | K12: 1109 | L12: 13799 | M12: 1055 | N12: 18470 | O12: 28114523 | P12: 5103113.5 | Q12: 31 | R12: 25 | S12: 268
A13: 2025-05 | B13: 32 | C13: 10856 | D13: 21782 | E13: 7259 | F13: 260 | G13: 1511 | H13: 3120 | I13: 2942 | J13: 605 | K13: 1896 | L13: 15089 | M13: 1677 | N13: 17768 | O13: 30910281 | P13: 6528283.2 | Q13: 32 | R13: 22 | S13: 480
A14: 2025-06 | B14: 32 | C14: 8073 | D14: 16270 | E14: 5910 | F14: 194 | G14: 1066 | H14: 2218 | I14: 1508 | J14: 290 | K14: 949 | L14: 12240 | M14: 863 | N14: 17468 | O14: 23448148 | P14: 3824061.5 | Q14: 31 | R14: 24 | S14: 888
A15: 2025-07 | B15: 32 | C15: 7382 | D15: 15103 | E15: 5653 | F15: 140 | G15: 950 | H15: 2043 | I15: 789 | J15: 148 | K15: 530 | L15: 11767 | M15: 763 | N15: 17900 | O15: 21550999 | P15: 3015415 | Q15: 32 | R15: 22 | S15: 791
A16: 2025-08 | B16: 32 | C16: 7166 | D16: 14583 | E16: 5521 | F16: 160 | G16: 847 | H16: 1804 | I16: 680 | J16: 133 | K16: 457 | L16: 11526 | M16: 796 | N16: 16806 | O16: 21977558 | P16: 3126508 | Q16: 31 | R16: 22 | S16: 509
... A28: 2026-08 | B28: 32 | C28: 8243 | D28: 16613 | E28: 6095 | F28: 204 | G28: 1041 | H28: 2238 | I28: 1181 | J28: 197 | K28: 834 | L28: 12500 | M28: 1041 | N28: 17544 | O28: 27080300 | P28: 4303071.2 | Q28: 30 | R28: 23 | S28: 555

Sheet KPI_Tracker
A1: KPI Tracker (formulas; do not overwrite)
A2: SYNTHETIC SAMPLE DATA from a sampled simulation (768 simulated runs of 19,708 scheduled, 3.9%). Not IRCTC or Indian Railways metrics. Compare months with per-run and capacity-normalised measures, not raw monthly totals. Targets and thresholds are illustrative.
A4: Journey month | B4: Bookings per simulated run | C4: Passengers per simulated run | D4: Cancellation rate (passenger-based) | E4: Booking cancellation rate (companion) | F4: Fully confirmed share of bookings | G4: Mixed-status share of bookings | H4: Waiting-list demand share of passengers | I4: Waitlist clearance rate | J4: Waitlist pressure % | K4: Seat occupancy % | L4: Gross booking value | M4: Refund amount | N4: Net booking value | O4: Average fare per passenger | P4: On-time performance % | Q4: Average delay (min) | R4: Bookings growth vs prior month | S4: Bookings-per-run growth vs prior month
A5: =IF(Inputs_Monthly!$A5="","",Inputs_Monthly!$A5) -> 2024-09 | B5: =IF(N(Inputs_Monthly!$B5)=0,"",Inputs_Monthly!$C5/Inputs_Monthly!$B5) -> 185.75 | C5: =IF(N(Inputs_Monthly!$B5)=0,"",Inputs_Monthly!$D5/Inputs_Monthly!$B5) -> 379.96875 | D5: =IF(N(Inputs_Monthly!$D5)=0,"",Inputs_Monthly!$H5/Inputs_Monthly!$D5) -> 0.13232996 | E5: =IF(N(Inputs_Monthly!$C5)=0,"",Inputs_Monthly!$G5/Inputs_Monthly!$C5) -> 0.12769179 | F5: =IF(N(Inputs_Monthly!$C5)=0,"",Inputs_Monthly!$E5/Inputs_Monthly!$C5) -> 0.79475101 | G5: =IF(N(Inputs_Monthly!$C5)=0,"",Inputs_Monthly!$F5/Inputs_Monthly!$C5) -> 0.019347241 | H5: =IF(N(Inputs_Monthly!$D5)=0,"",Inputs_Monthly!$I5/Inputs_Monthly!$D5) -> 0.040299367 | I5: =IF(N(Inputs_Monthly!$I5)=0,"",Inputs_Monthly!$J5/Inputs_Monthly!$I5) -> 0.13469388 | J5: =IF(N(Inputs_Monthly!$N5)=0,"",Inputs_Monthly!$K5/Inputs_Monthly!$N5) -> 0.020263189 | K5: =IF(N(Inputs_Monthly!$N5)=0,"",(Inputs_Monthly!$L5+Settings!$B$3*Inputs_Monthly!$M5)/Inputs_Monthly!$N5) -> 0.58387679 | L5: =IF(N(Inputs_Monthly!$O5)=0,"",Inputs_Monthly!$O5) -> 18403297 | M5: =IF(N(Inputs_Monthly!$O5)=0,"",Inputs_Monthly!$P5) -> 2358383.8 | N5: =IF(N(Inputs_Monthly!$O5)=0,"",Inputs_Monthly!$O5-Inputs_Monthly!$P5) -> 16044913 | O5: =IF(N(Inputs_Monthly!$D5)=0,"",Inputs_Monthly!$O5/Inputs_Monthly!$D5) -> 1513.5535 | P5: =IF(N(Inputs_Monthly!$Q5)=0,"",Inputs_Monthly!$R5/Inputs_Monthly!$Q5) -> 0.80645161 | Q5: =IF(N(Inputs_Monthly!$Q5)=0,"",Inputs_Monthly!$S5/Inputs_Monthly!$Q5) -> 11.16129
A6: =IF(Inputs_Monthly!$A6="","",Inputs_Monthly!$A6) -> 2024-10 | B6: =IF(N(Inputs_Monthly!$B6)=0,"",Inputs_Monthly!$C6/Inputs_Monthly!$B6) -> 241.46875 | C6: =IF(N(Inputs_Monthly!$B6)=0,"",Inputs_Monthly!$D6/Inputs_Monthly!$B6) -> 482.75 | D6: =IF(N(Inputs_Monthly!$D6)=0,"",Inputs_Monthly!$H6/Inputs_Monthly!$D6) -> 0.13820559 | E6: =IF(N(Inputs_Monthly!$C6)=0,"",Inputs_Monthly!$G6/Inputs_Monthly!$C6) -> 0.13614598 | F6: =IF(N(Inputs_Monthly!$C6)=0,"",Inputs_Monthly!$E6/Inputs_Monthly!$C6) -> 0.75876796 | G6: =IF(N(Inputs_Monthly!$C6)=0,"",Inputs_Monthly!$F6/Inputs_Monthly!$C6) -> 0.021612528 | H6: =IF(N(Inputs_Monthly!$D6)=0,"",Inputs_Monthly!$I6/Inputs_Monthly!$D6) -> 0.04984464 | I6: =IF(N(Inputs_Monthly!$I6)=0,"",Inputs_Monthly!$J6/Inputs_Monthly!$I6) -> 0.17272727 | J6: =IF(N(Inputs_Monthly!$N6)=0,"",Inputs_Monthly!$K6/Inputs_Monthly!$N6) -> 0.029185022 | K6: =IF(N(Inputs_Monthly!$N6)=0,"",(Inputs_Monthly!$L6+Settings!$B$3*Inputs_Monthly!$M6)/Inputs_Monthly!$N6) -> 0.68350771 | L6: =IF(N(Inputs_Monthly!$O6)=0,"",Inputs_Monthly!$O6) -> 24124782 | M6: =IF(N(Inputs_Monthly!$O6)=0,"",Inputs_Monthly!$P6) -> 3594946.2 | N6: =IF(N(Inputs_Monthly!$O6)=0,"",Inputs_Monthly!$O6-Inputs_Monthly!$P6) -> 20529836 | O6: =IF(N(Inputs_Monthly!$D6)=0,"",Inputs_Monthly!$O6/Inputs_Monthly!$D6) -> 1561.6767 | P6: =IF(N(Inputs_Monthly!$Q6)=0,"",Inputs_Monthly!$R6/Inputs_Monthly!$Q6) -> 0.80645161 | Q6: =IF(N(Inputs_Monthly!$Q6)=0,"",Inputs_Monthly!$S6/Inputs_Monthly!$Q6) -> 9 | R6: =IF(OR(N(Inputs_Monthly!$C6)=0,N(Inputs_Monthly!$C5)=0),"",Inputs_Monthly!$C6/Inputs_Monthly!$C5-1) -> 0.29996635 | S6: =IF(OR(B6="",B5=""),"",B6/B5-1) -> 0.29996635
A7: =IF(Inputs_Monthly!$A7="","",Inputs_Monthly!$A7) -> 2024-11 | B7: =IF(N(Inputs_Monthly!$B7)=0,"",Inputs_Monthly!$C7/Inputs_Monthly!$B7) -> 247.9375 | C7: =IF(N(Inputs_Monthly!$B7)=0,"",Inputs_Monthly!$D7/Inputs_Monthly!$B7) -> 500.71875 | D7: =IF(N(Inputs_Monthly!$D7)=0,"",Inputs_Monthly!$H7/Inputs_Monthly!$D7) -> 0.1353055 | E7: =IF(N(Inputs_Monthly!$C7)=0,"",Inputs_Monthly!$G7/Inputs_Monthly!$C7) -> 0.1313335 | F7: =IF(N(Inputs_Monthly!$C7)=0,"",Inputs_Monthly!$E7/Inputs_Monthly!$C7) -> 0.72636753 | G7: =IF(N(Inputs_Monthly!$C7)=0,"",Inputs_Monthly!$F7/Inputs_Monthly!$C7) -> 0.025460045 | H7: =IF(N(Inputs_Monthly!$D7)=0,"",Inputs_Monthly!$I7/Inputs_Monthly!$D7) -> 0.093802659 | I7: =IF(N(Inputs_Monthly!$I7)=0,"",Inputs_Monthly!$J7/Inputs_Monthly!$I7) -> 0.21157685 | J7: =IF(N(Inputs_Monthly!$N7)=0,"",Inputs_Monthly!$K7/Inputs_Monthly!$N7) -> 0.053500958 | K7: =IF(N(Inputs_Monthly!$N7)=0,"",(Inputs_Monthly!$L7+Settings!$B$3*Inputs_Monthly!$M7)/Inputs_Monthly!$N7) -> 0.70165746 | L7: =IF(N(Inputs_Monthly!$O7)=0,"",Inputs_Monthly!$O7) -> 23920040 | M7: =IF(N(Inputs_Monthly!$O7)=0,"",Inputs_Monthly!$P7) -> 4190534.2 | N7: =IF(N(Inputs_Monthly!$O7)=0,"",Inputs_Monthly!$O7-Inputs_Monthly!$P7) -> 19729506 | O7: =IF(N(Inputs_Monthly!$D7)=0,"",Inputs_Monthly!$O7/Inputs_Monthly!$D7) -> 1492.8565 | P7: =IF(N(Inputs_Monthly!$Q7)=0,"",Inputs_Monthly!$R7/Inputs_Monthly!$Q7) -> 0.70967742 | Q7: =IF(N(Inputs_Monthly!$Q7)=0,"",Inputs_Monthly!$S7/Inputs_Monthly!$Q7) -> 10.903226 | R7: =IF(OR(N(Inputs_Monthly!$C7)=0,N(Inputs_Monthly!$C6)=0),"",Inputs_Monthly!$C7/Inputs_Monthly!$C6-1) -> 0.026789181 | S7: =IF(OR(B7="",B6=""),"",B7/B6-1) -> 0.026789181
A8: =IF(Inputs_Monthly!$A8="","",Inputs_Monthly!$A8) -> 2024-12 | B8: =IF(N(Inputs_Monthly!$B8)=0,"",Inputs_Monthly!$C8/Inputs_Monthly!$B8) -> 233.03125 | C8: =IF(N(Inputs_Monthly!$B8)=0,"",Inputs_Monthly!$D8/Inputs_Monthly!$B8) -> 466.90625 | D8: =IF(N(Inputs_Monthly!$D8)=0,"",Inputs_Monthly!$H8/Inputs_Monthly!$D8) -> 0.12930861 | E8: =IF(N(Inputs_Monthly!$C8)=0,"",Inputs_Monthly!$G8/Inputs_Monthly!$C8) -> 0.12793349 | F8: =IF(N(Inputs_Monthly!$C8)=0,"",Inputs_Monthly!$E8/Inputs_Monthly!$C8) -> 0.76572348 | G8: =IF(N(Inputs_Monthly!$C8)=0,"",Inputs_Monthly!$F8/Inputs_Monthly!$C8) -> 0.02024943 | H8: =IF(N(Inputs_Monthly!$D8)=0,"",Inputs_Monthly!$I8/Inputs_Monthly!$D8) -> 0.05320929 | I8: =IF(N(Inputs_Monthly!$I8)=0,"",Inputs_Monthly!$J8/Inputs_Monthly!$I8) -> 0.16100629 | J8: =IF(N(Inputs_Monthly!$N8)=0,"",Inputs_Monthly!$K8/Inputs_Monthly!$N8) -> 0.030989926 | K8: =IF(N(Inputs_Monthly!$N8)=0,"",(Inputs_Monthly!$L8+Settings!$B$3*Inputs_Monthly!$M8)/Inputs_Monthly!$N8) -> 0.66193057 | L8: =IF(N(Inputs_Monthly!$O8)=0,"",Inputs_Monthly!$O8) -> 23795348 | M8: =IF(N(Inputs_Monthly!$O8)=0,"",Inputs_Monthly!$P8) -> 3449323 | N8: =IF(N(Inputs_Monthly!$O8)=0,"",Inputs_Monthly!$O8-Inputs_Monthly!$P8) -> 20346025 | O8: =IF(N(Inputs_Monthly!$D8)=0,"",Inputs_Monthly!$O8/Inputs_Monthly!$D8) -> 1592.6208 | P8: =IF(N(Inputs_Monthly!$Q8)=0,"",Inputs_Monthly!$R8/Inputs_Monthly!$Q8) -> 0.8125 | Q8: =IF(N(Inputs_Monthly!$Q8)=0,"",Inputs_Monthly!$S8/Inputs_Monthly!$Q8) -> 19.875 | R8: =IF(OR(N(Inputs_Monthly!$C8)=0,N(Inputs_Monthly!$C7)=0),"",Inputs_Monthly!$C8/Inputs_Monthly!$C7-1) -> -0.060120998 | S8: =IF(OR(B8="",B7=""),"",B8/B7-1) -> -0.060120998
A9: =IF(Inputs_Monthly!$A9="","",Inputs_Monthly!$A9) -> 2025-01 | B9: =IF(N(Inputs_Monthly!$B9)=0,"",Inputs_Monthly!$C9/Inputs_Monthly!$B9) -> 248.09375 | C9: =IF(N(Inputs_Monthly!$B9)=0,"",Inputs_Monthly!$D9/Inputs_Monthly!$B9) -> 507.03125 | D9: =IF(N(Inputs_Monthly!$D9)=0,"",Inputs_Monthly!$H9/Inputs_Monthly!$D9) -> 0.13750385 | E9: =IF(N(Inputs_Monthly!$C9)=0,"",Inputs_Monthly!$G9/Inputs_Monthly!$C9) -> 0.13288827 | F9: =IF(N(Inputs_Monthly!$C9)=0,"",Inputs_Monthly!$E9/Inputs_Monthly!$C9) -> 0.77755385 | G9: =IF(N(Inputs_Monthly!$C9)=0,"",Inputs_Monthly!$F9/Inputs_Monthly!$C9) -> 0.020783474 | H9: =IF(N(Inputs_Monthly!$D9)=0,"",Inputs_Monthly!$I9/Inputs_Monthly!$D9) -> 0.051093991 | I9: =IF(N(Inputs_Monthly!$I9)=0,"",Inputs_Monthly!$J9/Inputs_Monthly!$I9) -> 0.15681544 | J9: =IF(N(Inputs_Monthly!$N9)=0,"",Inputs_Monthly!$K9/Inputs_Monthly!$N9) -> 0.028894472 | K9: =IF(N(Inputs_Monthly!$N9)=0,"",(Inputs_Monthly!$L9+Settings!$B$3*Inputs_Monthly!$M9)/Inputs_Monthly!$N9) -> 0.68907035 | L9: =IF(N(Inputs_Monthly!$O9)=0,"",Inputs_Monthly!$O9) -> 23019795 | M9: =IF(N(Inputs_Monthly!$O9)=0,"",Inputs_Monthly!$P9) -> 3424008.8 | N9: =IF(N(Inputs_Monthly!$O9)=0,"",Inputs_Monthly!$O9-Inputs_Monthly!$P9) -> 19595786 | O9: =IF(N(Inputs_Monthly!$D9)=0,"",Inputs_Monthly!$O9/Inputs_Monthly!$D9) -> 1418.7855 | P9: =IF(N(Inputs_Monthly!$Q9)=0,"",Inputs_Monthly!$R9/Inputs_Monthly!$Q9) -> 0.70967742 | Q9: =IF(N(Inputs_Monthly!$Q9)=0,"",Inputs_Monthly!$S9/Inputs_Monthly!$Q9) -> 22.709677 | R9: =IF(OR(N(Inputs_Monthly!$C9)=0,N(Inputs_Monthly!$C8)=0),"",Inputs_Monthly!$C9/Inputs_Monthly!$C8-1) -> 0.064637254 | S9: =IF(OR(B9="",B8=""),"",B9/B8-1) -> 0.064637254
A10: =IF(Inputs_Monthly!$A10="","",Inputs_Monthly!$A10) -> 2025-02 | B10: =IF(N(Inputs_Monthly!$B10)=0,"",Inputs_Monthly!$C10/Inputs_Monthly!$B10) -> 223.90625 | C10: =IF(N(Inputs_Monthly!$B10)=0,"",Inputs_Monthly!$D10/Inputs_Monthly!$B10) -> 445.46875 | D10: =IF(N(Inputs_Monthly!$D10)=0,"",Inputs_Monthly!$H10/Inputs_Monthly!$D10) -> 0.13174325 | E10: =IF(N(Inputs_Monthly!$C10)=0,"",Inputs_Monthly!$G10/Inputs_Monthly!$C10) -> 0.12644801 | F10: =IF(N(Inputs_Monthly!$C10)=0,"",Inputs_Monthly!$E10/Inputs_Monthly!$C10) -> 0.7799023 | G10: =IF(N(Inputs_Monthly!$C10)=0,"",Inputs_Monthly!$F10/Inputs_Monthly!$C10) -> 0.020795534 | H10: =IF(N(Inputs_Monthly!$D10)=0,"",Inputs_Monthly!$I10/Inputs_Monthly!$D10) -> 0.054086286 | I10: =IF(N(Inputs_Monthly!$I10)=0,"",Inputs_Monthly!$J10/Inputs_Monthly!$I10) -> 0.12710765 | J10: =IF(N(Inputs_Monthly!$N10)=0,"",Inputs_Monthly!$K10/Inputs_Monthly!$N10) -> 0.031619219 | K10: =IF(N(Inputs_Monthly!$N10)=0,"",(Inputs_Monthly!$L10+Settings!$B$3*Inputs_Monthly!$M10)/Inputs_Monthly!$N10) -> 0.65109148 | L10: =IF(N(Inputs_Monthly!$O10)=0,"",Inputs_Monthly!$O10) -> 21171056 | M10: =IF(N(Inputs_Monthly!$O10)=0,"",Inputs_Monthly!$P10) -> 3110455.5 | N10: =IF(N(Inputs_Monthly!$O10)=0,"",Inputs_Monthly!$O10-Inputs_Monthly!$P10) -> 18060600 | O10: =IF(N(Inputs_Monthly!$D10)=0,"",Inputs_Monthly!$O10/Inputs_Monthly!$D10) -> 1485.167 | P10: =IF(N(Inputs_Monthly!$Q10)=0,"",Inputs_Monthly!$R10/Inputs_Monthly!$Q10) -> 0.59375 | Q10: =IF(N(Inputs_Monthly!$Q10)=0,"",Inputs_Monthly!$S10/Inputs_Monthly!$Q10) -> 25.5 | R10: =IF(OR(N(Inputs_Monthly!$C10)=0,N(Inputs_Monthly!$C9)=0),"",Inputs_Monthly!$C10/Inputs_Monthly!$C9-1) -> -0.097493387 | S10: =IF(OR(B10="",B9=""),"",B10/B9-1) -> -0.097493387
A11: =IF(Inputs_Monthly!$A11="","",Inputs_Monthly!$A11) -> 2025-03 | B11: =IF(N(Inputs_Monthly!$B11)=0,"",Inputs_Monthly!$C11/Inputs_Monthly!$B11) -> 288.84375 | C11: =IF(N(Inputs_Monthly!$B11)=0,"",Inputs_Monthly!$D11/Inputs_Monthly!$B11) -> 582.125 | D11: =IF(N(Inputs_Monthly!$D11)=0,"",Inputs_Monthly!$H11/Inputs_Monthly!$D11) -> 0.13501181 | E11: =IF(N(Inputs_Monthly!$C11)=0,"",Inputs_Monthly!$G11/Inputs_Monthly!$C11) -> 0.13080169 | F11: =IF(N(Inputs_Monthly!$C11)=0,"",Inputs_Monthly!$E11/Inputs_Monthly!$C11) -> 0.70810343 | G11: =IF(N(Inputs_Monthly!$C11)=0,"",Inputs_Monthly!$F11/Inputs_Monthly!$C11) -> 0.021421616 | H11: =IF(N(Inputs_Monthly!$D11)=0,"",Inputs_Monthly!$I11/Inputs_Monthly!$D11) -> 0.10725789 | I11: =IF(N(Inputs_Monthly!$I11)=0,"",Inputs_Monthly!$J11/Inputs_Monthly!$I11) -> 0.18818819 | J11: =IF(N(Inputs_Monthly!$N11)=0,"",Inputs_Monthly!$K11/Inputs_Monthly!$N11) -> 0.0741447 | K11: =IF(N(Inputs_Monthly!$N11)=0,"",(Inputs_Monthly!$L11+Settings!$B$3*Inputs_Monthly!$M11)/Inputs_Monthly!$N11) -> 0.7935502 | L11: =IF(N(Inputs_Monthly!$O11)=0,"",Inputs_Monthly!$O11) -> 26983278 | M11: =IF(N(Inputs_Monthly!$O11)=0,"",Inputs_Monthly!$P11) -> 4896893.5 | N11: =IF(N(Inputs_Monthly!$O11)=0,"",Inputs_Monthly!$O11-Inputs_Monthly!$P11) -> 22086384 | O11: =IF(N(Inputs_Monthly!$D11)=0,"",Inputs_Monthly!$O11/Inputs_Monthly!$D11) -> 1448.5333 | P11: =IF(N(Inputs_Monthly!$Q11)=0,"",Inputs_Monthly!$R11/Inputs_Monthly!$Q11) -> 0.77419355 | Q11: =IF(N(Inputs_Monthly!$Q11)=0,"",Inputs_Monthly!$S11/Inputs_Monthly!$Q11) -> 20.129032 | R11: =IF(OR(N(Inputs_Monthly!$C11)=0,N(Inputs_Monthly!$C10)=0),"",Inputs_Monthly!$C11/Inputs_Monthly!$C10-1) -> 0.29002094 | S11: =IF(OR(B11="",B10=""),"",B11/B10-1) -> 0.29002094
A12: =IF(Inputs_Monthly!$A12="","",Inputs_Monthly!$A12) -> 2025-04 | B12: =IF(N(Inputs_Monthly!$B12)=0,"",Inputs_Monthly!$C12/Inputs_Monthly!$B12) -> 285.9375 | C12: =IF(N(Inputs_Monthly!$B12)=0,"",Inputs_Monthly!$D12/Inputs_Monthly!$B12) -> 578.59375 | D12: =IF(N(Inputs_Monthly!$D12)=0,"",Inputs_Monthly!$H12/Inputs_Monthly!$D12) -> 0.13783419 | E12: =IF(N(Inputs_Monthly!$C12)=0,"",Inputs_Monthly!$G12/Inputs_Monthly!$C12) -> 0.12775956 | F12: =IF(N(Inputs_Monthly!$C12)=0,"",Inputs_Monthly!$E12/Inputs_Monthly!$C12) -> 0.73213115 | G12: =IF(N(Inputs_Monthly!$C12)=0,"",Inputs_Monthly!$F12/Inputs_Monthly!$C12) -> 0.025901639 | H12: =IF(N(Inputs_Monthly!$D12)=0,"",Inputs_Monthly!$I12/Inputs_Monthly!$D12) -> 0.09079125 | I12: =IF(N(Inputs_Monthly!$I12)=0,"",Inputs_Monthly!$J12/Inputs_Monthly!$I12) -> 0.19393218 | J12: =IF(N(Inputs_Monthly!$N12)=0,"",Inputs_Monthly!$K12/Inputs_Monthly!$N12) -> 0.060043313 | K12: =IF(N(Inputs_Monthly!$N12)=0,"",(Inputs_Monthly!$L12+Settings!$B$3*Inputs_Monthly!$M12)/Inputs_Monthly!$N12) -> 0.77566324 | L12: =IF(N(Inputs_Monthly!$O12)=0,"",Inputs_Monthly!$O12) -> 28114523 | M12: =IF(N(Inputs_Monthly!$O12)=0,"",Inputs_Monthly!$P12) -> 5103113.5 | N12: =IF(N(Inputs_Monthly!$O12)=0,"",Inputs_Monthly!$O12-Inputs_Monthly!$P12) -> 23011410 | O12: =IF(N(Inputs_Monthly!$D12)=0,"",Inputs_Monthly!$O12/Inputs_Monthly!$D12) -> 1518.4728 | P12: =IF(N(Inputs_Monthly!$Q12)=0,"",Inputs_Monthly!$R12/Inputs_Monthly!$Q12) -> 0.80645161 | Q12: =IF(N(Inputs_Monthly!$Q12)=0,"",Inputs_Monthly!$S12/Inputs_Monthly!$Q12) -> 8.6451613 | R12: =IF(OR(N(Inputs_Monthly!$C12)=0,N(Inputs_Monthly!$C11)=0),"",Inputs_Monthly!$C12/Inputs_Monthly!$C11-1) -> -0.010061668 | S12: =IF(OR(B12="",B11=""),"",B12/B11-1) -> -0.010061668
A13: =IF(Inputs_Monthly!$A13="","",Inputs_Monthly!$A13) -> 2025-05 | B13: =IF(N(Inputs_Monthly!$B13)=0,"",Inputs_Monthly!$C13/Inputs_Monthly!$B13) -> 339.25 | C13: =IF(N(Inputs_Monthly!$B13)=0,"",Inputs_Monthly!$D13/Inputs_Monthly!$B13) -> 680.6875 | D13: =IF(N(Inputs_Monthly!$D13)=0,"",Inputs_Monthly!$H13/Inputs_Monthly!$D13) -> 0.14323754 | E13: =IF(N(Inputs_Monthly!$C13)=0,"",Inputs_Monthly!$G13/Inputs_Monthly!$C13) -> 0.1391857 | F13: =IF(N(Inputs_Monthly!$C13)=0,"",Inputs_Monthly!$E13/Inputs_Monthly!$C13) -> 0.66866249 | G13: =IF(N(Inputs_Monthly!$C13)=0,"",Inputs_Monthly!$F13/Inputs_Monthly!$C13) -> 0.023949889 | H13: =IF(N(Inputs_Monthly!$D13)=0,"",Inputs_Monthly!$I13/Inputs_Monthly!$D13) -> 0.13506565 | I13: =IF(N(Inputs_Monthly!$I13)=0,"",Inputs_Monthly!$J13/Inputs_Monthly!$I13) -> 0.20564242 | J13: =IF(N(Inputs_Monthly!$N13)=0,"",Inputs_Monthly!$K13/Inputs_Monthly!$N13) -> 0.10670869 | K13: =IF(N(Inputs_Monthly!$N13)=0,"",(Inputs_Monthly!$L13+Settings!$B$3*Inputs_Monthly!$M13)/Inputs_Monthly!$N13) -> 0.8964149 | L13: =IF(N(Inputs_Monthly!$O13)=0,"",Inputs_Monthly!$O13) -> 30910281 | M13: =IF(N(Inputs_Monthly!$O13)=0,"",Inputs_Monthly!$P13) -> 6528283.2 | N13: =IF(N(Inputs_Monthly!$O13)=0,"",Inputs_Monthly!$O13-Inputs_Monthly!$P13) -> 24381998 | O13: =IF(N(Inputs_Monthly!$D13)=0,"",Inputs_Monthly!$O13/Inputs_Monthly!$D13) -> 1419.0745 | P13: =IF(N(Inputs_Monthly!$Q13)=0,"",Inputs_Monthly!$R13/Inputs_Monthly!$Q13) -> 0.6875 | Q13: =IF(N(Inputs_Monthly!$Q13)=0,"",Inputs_Monthly!$S13/Inputs_Monthly!$Q13) -> 15 | R13: =IF(OR(N(Inputs_Monthly!$C13)=0,N(Inputs_Monthly!$C12)=0),"",Inputs_Monthly!$C13/Inputs_Monthly!$C12-1) -> 0.18644809 | S13: =IF(OR(B13="",B12=""),"",B13/B12-1) -> 0.18644809
A14: =IF(Inputs_Monthly!$A14="","",Inputs_Monthly!$A14) -> 2025-06 | B14: =IF(N(Inputs_Monthly!$B14)=0,"",Inputs_Monthly!$C14/Inputs_Monthly!$B14) -> 252.28125 | C14: =IF(N(Inputs_Monthly!$B14)=0,"",Inputs_Monthly!$D14/Inputs_Monthly!$B14) -> 508.4375 | D14: =IF(N(Inputs_Monthly!$D14)=0,"",Inputs_Monthly!$H14/Inputs_Monthly!$D14) -> 0.13632452 | E14: =IF(N(Inputs_Monthly!$C14)=0,"",Inputs_Monthly!$G14/Inputs_Monthly!$C14) -> 0.13204509 | F14: =IF(N(Inputs_Monthly!$C14)=0,"",Inputs_Monthly!$E14/Inputs_Monthly!$C14) -> 0.73206986 | G14: =IF(N(Inputs_Monthly!$C14)=0,"",Inputs_Monthly!$F14/Inputs_Monthly!$C14) -> 0.02403072 | H14: =IF(N(Inputs_Monthly!$D14)=0,"",Inputs_Monthly!$I14/Inputs_Monthly!$D14) -> 0.092685925 | I14: =IF(N(Inputs_Monthly!$I14)=0,"",Inputs_Monthly!$J14/Inputs_Monthly!$I14) -> 0.19230769 | J14: =IF(N(Inputs_Monthly!$N14)=0,"",Inputs_Monthly!$K14/Inputs_Monthly!$N14) -> 0.054327914 | K14: =IF(N(Inputs_Monthly!$N14)=0,"",(Inputs_Monthly!$L14+Settings!$B$3*Inputs_Monthly!$M14)/Inputs_Monthly!$N14) -> 0.72541218 | L14: =IF(N(Inputs_Monthly!$O14)=0,"",Inputs_Monthly!$O14) -> 23448148 | M14: =IF(N(Inputs_Monthly!$O14)=0,"",Inputs_Monthly!$P14) -> 3824061.5 | N14: =IF(N(Inputs_Monthly!$O14)=0,"",Inputs_Monthly!$O14-Inputs_Monthly!$P14) -> 19624086 | O14: =IF(N(Inputs_Monthly!$D14)=0,"",Inputs_Monthly!$O14/Inputs_Monthly!$D14) -> 1441.1892 | P14: =IF(N(Inputs_Monthly!$Q14)=0,"",Inputs_Monthly!$R14/Inputs_Monthly!$Q14) -> 0.77419355 | Q14: =IF(N(Inputs_Monthly!$Q14)=0,"",Inputs_Monthly!$S14/Inputs_Monthly!$Q14) -> 28.645161 | R14: =IF(OR(N(Inputs_Monthly!$C14)=0,N(Inputs_Monthly!$C13)=0),"",Inputs_Monthly!$C14/Inputs_Monthly!$C13-1) -> -0.25635593 | S14: =IF(OR(B14="",B13=""),"",B14/B13-1) -> -0.25635593
A15: =IF(Inputs_Monthly!$A15="","",Inputs_Monthly!$A15) -> 2025-07 | B15: =IF(N(Inputs_Monthly!$B15)=0,"",Inputs_Monthly!$C15/Inputs_Monthly!$B15) -> 230.6875 | C15: =IF(N(Inputs_Monthly!$B15)=0,"",Inputs_Monthly!$D15/Inputs_Monthly!$B15) -> 471.96875 | D15: =IF(N(Inputs_Monthly!$D15)=0,"",Inputs_Monthly!$H15/Inputs_Monthly!$D15) -> 0.13527114 | E15: =IF(N(Inputs_Monthly!$C15)=0,"",Inputs_Monthly!$G15/Inputs_Monthly!$C15) -> 0.12869141 | F15: =IF(N(Inputs_Monthly!$C15)=0,"",Inputs_Monthly!$E15/Inputs_Monthly!$C15) -> 0.76578163 | G15: =IF(N(Inputs_Monthly!$C15)=0,"",Inputs_Monthly!$F15/Inputs_Monthly!$C15) -> 0.01896505 | H15: =IF(N(Inputs_Monthly!$D15)=0,"",Inputs_Monthly!$I15/Inputs_Monthly!$D15) -> 0.052241277 | I15: =IF(N(Inputs_Monthly!$I15)=0,"",Inputs_Monthly!$J15/Inputs_Monthly!$I15) -> 0.18757921 | J15: =IF(N(Inputs_Monthly!$N15)=0,"",Inputs_Monthly!$K15/Inputs_Monthly!$N15) -> 0.029608939 | K15: =IF(N(Inputs_Monthly!$N15)=0,"",(Inputs_Monthly!$L15+Settings!$B$3*Inputs_Monthly!$M15)/Inputs_Monthly!$N15) -> 0.67868715 | L15: =IF(N(Inputs_Monthly!$O15)=0,"",Inputs_Monthly!$O15) -> 21550999 | M15: =IF(N(Inputs_Monthly!$O15)=0,"",Inputs_Monthly!$P15) -> 3015415 | N15: =IF(N(Inputs_Monthly!$O15)=0,"",Inputs_Monthly!$O15-Inputs_Monthly!$P15) -> 18535584 | O15: =IF(N(Inputs_Monthly!$D15)=0,"",Inputs_Monthly!$O15/Inputs_Monthly!$D15) -> 1426.935 | P15: =IF(N(Inputs_Monthly!$Q15)=0,"",Inputs_Monthly!$R15/Inputs_Monthly!$Q15) -> 0.6875 | Q15: =IF(N(Inputs_Monthly!$Q15)=0,"",Inputs_Monthly!$S15/Inputs_Monthly!$Q15) -> 24.71875 | R15: =IF(OR(N(Inputs_Monthly!$C15)=0,N(Inputs_Monthly!$C14)=0),"",Inputs_Monthly!$C15/Inputs_Monthly!$C14-1) -> -0.085593955 | S15: =IF(OR(B15="",B14=""),"",B15/B14-1) -> -0.085593955
A16: =IF(Inputs_Monthly!$A16="","",Inputs_Monthly!$A16) -> 2025-08 | B16: =IF(N(Inputs_Monthly!$B16)=0,"",Inputs_Monthly!$C16/Inputs_Monthly!$B16) -> 223.9375 | C16: =IF(N(Inputs_Monthly!$B16)=0,"",Inputs_Monthly!$D16/Inputs_Monthly!$B16) -> 455.71875 | D16: =IF(N(Inputs_Monthly!$D16)=0,"",Inputs_Monthly!$H16/Inputs_Monthly!$D16) -> 0.12370568 | E16: =IF(N(Inputs_Monthly!$C16)=0,"",Inputs_Monthly!$G16/Inputs_Monthly!$C16) -> 0.11819704 | F16: =IF(N(Inputs_Monthly!$C16)=0,"",Inputs_Monthly!$E16/Inputs_Monthly!$C16) -> 0.77044376 | G16: =IF(N(Inputs_Monthly!$C16)=0,"",Inputs_Monthly!$F16/Inputs_Monthly!$C16) -> 0.022327658 | H16: =IF(N(Inputs_Monthly!$D16)=0,"",Inputs_Monthly!$I16/Inputs_Monthly!$D16) -> 0.046629637 | I16: =IF(N(Inputs_Monthly!$I16)=0,"",Inputs_Monthly!$J16/Inputs_Monthly!$I16) -> 0.19558824 | J16: =IF(N(Inputs_Monthly!$N16)=0,"",Inputs_Monthly!$K16/Inputs_Monthly!$N16) -> 0.027192669 | K16: =IF(N(Inputs_Monthly!$N16)=0,"",(Inputs_Monthly!$L16+Settings!$B$3*Inputs_Monthly!$M16)/Inputs_Monthly!$N16) -> 0.70950851 | L16: =IF(N(Inputs_Monthly!$O16)=0,"",Inputs_Monthly!$O16) -> 21977558 | M16: =IF(N(Inputs_Monthly!$O16)=0,"",Inputs_Monthly!$P16) -> 3126508 | N16: =IF(N(Inputs_Monthly!$O16)=0,"",Inputs_Monthly!$O16-Inputs_Monthly!$P16) -> 18851050 | O16: =IF(N(Inputs_Monthly!$D16)=0,"",Inputs_Monthly!$O16/Inputs_Monthly!$D16) -> 1507.067 | P16: =IF(N(Inputs_Monthly!$Q16)=0,"",Inputs_Monthly!$R16/Inputs_Monthly!$Q16) -> 0.70967742 | Q16: =IF(N(Inputs_Monthly!$Q16)=0,"",Inputs_Monthly!$S16/Inputs_Monthly!$Q16) -> 16.419355 | R16: =IF(OR(N(Inputs_Monthly!$C16)=0,N(Inputs_Monthly!$C15)=0),"",Inputs_Monthly!$C16/Inputs_Monthly!$C15-1) -> -0.029260363 | S16: =IF(OR(B16="",B15=""),"",B16/B15-1) -> -0.029260363
A17: =IF(Inputs_Monthly!$A17="","",Inputs_Monthly!$A17) -> 2025-09 | B17: =IF(N(Inputs_Monthly!$B17)=0,"",Inputs_Monthly!$C17/Inputs_Monthly!$B17) -> 234.6875 | C17: =IF(N(Inputs_Monthly!$B17)=0,"",Inputs_Monthly!$D17/Inputs_Monthly!$B17) -> 474.15625 | D17: =IF(N(Inputs_Monthly!$D17)=0,"",Inputs_Monthly!$H17/Inputs_Monthly!$D17) -> 0.13959006 | E17: =IF(N(Inputs_Monthly!$C17)=0,"",Inputs_Monthly!$G17/Inputs_Monthly!$C17) -> 0.13462051 | F17: =IF(N(Inputs_Monthly!$C17)=0,"",Inputs_Monthly!$E17/Inputs_Monthly!$C17) -> 0.7448735 | G17: =IF(N(Inputs_Monthly!$C17)=0,"",Inputs_Monthly!$F17/Inputs_Monthly!$C17) -> 0.022902796 | H17: =IF(N(Inputs_Monthly!$D17)=0,"",Inputs_Monthly!$I17/Inputs_Monthly!$D17) -> 0.076319779 | I17: =IF(N(Inputs_Monthly!$I17)=0,"",Inputs_Monthly!$J17/Inputs_Monthly!$I17) -> 0.17789292 | J17: =IF(N(Inputs_Monthly!$N17)=0,"",Inputs_Monthly!$K17/Inputs_Monthly!$N17) -> 0.041695147 | K17: =IF(N(Inputs_Monthly!$N17)=0,"",(Inputs_Monthly!$L17+Settings!$B$3*Inputs_Monthly!$M17)/Inputs_Monthly!$N17) -> 0.68082137 | L17: =IF(N(Inputs_Monthly!$O17)=0,"",Inputs_Monthly!$O17) -> 22210254 | M17: =IF(N(Inputs_Monthly!$O17)=0,"",Inputs_Monthly!$P17) -> 3264074.8 | N17: =IF(N(Inputs_Monthly!$O17)=0,"",Inputs_Monthly!$O17-Inputs_Monthly!$P17) -> 18946179 | O17: =IF(N(Inputs_Monthly!$D17)=0,"",Inputs_Monthly!$O17/Inputs_Monthly!$D17) -> 1463.8011 | P17: =IF(N(Inputs_Monthly!$Q17)=0,"",Inputs_Monthly!$R17/Inputs_Monthly!$Q17) -> 0.625 | Q17: =IF(N(Inputs_Monthly!$Q17)=0,"",Inputs_Monthly!$S17/Inputs_Monthly!$Q17) -> 17.5 | R17: =IF(OR(N(Inputs_Monthly!$C17)=0,N(Inputs_Monthly!$C16)=0),"",Inputs_Monthly!$C17/Inputs_Monthly!$C16-1) -> 0.048004466 | S17: =IF(OR(B17="",B16=""),"",B17/B16-1) -> 0.048004466
... A40: =IF(Inputs_Monthly!$A40="","",Inputs_Monthly!$A40) | B40: =IF(N(Inputs_Monthly!$B40)=0,"",Inputs_Monthly!$C40/Inputs_Monthly!$B40) | C40: =IF(N(Inputs_Monthly!$B40)=0,"",Inputs_Monthly!$D40/Inputs_Monthly!$B40) | D40: =IF(N(Inputs_Monthly!$D40)=0,"",Inputs_Monthly!$H40/Inputs_Monthly!$D40) | E40: =IF(N(Inputs_Monthly!$C40)=0,"",Inputs_Monthly!$G40/Inputs_Monthly!$C40) | F40: =IF(N(Inputs_Monthly!$C40)=0,"",Inputs_Monthly!$E40/Inputs_Monthly!$C40) | G40: =IF(N(Inputs_Monthly!$C40)=0,"",Inputs_Monthly!$F40/Inputs_Monthly!$C40) | H40: =IF(N(Inputs_Monthly!$D40)=0,"",Inputs_Monthly!$I40/Inputs_Monthly!$D40) | I40: =IF(N(Inputs_Monthly!$I40)=0,"",Inputs_Monthly!$J40/Inputs_Monthly!$I40) | J40: =IF(N(Inputs_Monthly!$N40)=0,"",Inputs_Monthly!$K40/Inputs_Monthly!$N40) | K40: =IF(N(Inputs_Monthly!$N40)=0,"",(Inputs_Monthly!$L40+Settings!$B$3*Inputs_Monthly!$M40)/Inputs_Monthly!$N40) | L40: =IF(N(Inputs_Monthly!$O40)=0,"",Inputs_Monthly!$O40) | M40: =IF(N(Inputs_Monthly!$O40)=0,"",Inputs_Monthly!$P40) | N40: =IF(N(Inputs_Monthly!$O40)=0,"",Inputs_Monthly!$O40-Inputs_Monthly!$P40) | O40: =IF(N(Inputs_Monthly!$D40)=0,"",Inputs_Monthly!$O40/Inputs_Monthly!$D40) | P40: =IF(N(Inputs_Monthly!$Q40)=0,"",Inputs_Monthly!$R40/Inputs_Monthly!$Q40) | Q40: =IF(N(Inputs_Monthly!$Q40)=0,"",Inputs_Monthly!$S40/Inputs_Monthly!$Q40) | R40: =IF(OR(N(Inputs_Monthly!$C40)=0,N(Inputs_Monthly!$C39)=0),"",Inputs_Monthly!$C40/Inputs_Monthly!$C39-1) | S40: =IF(OR(B40="",B39=""),"",B40/B39-1)

Sheet Targets
A1: Targets and status for the last filled month (illustrative targets)
A2: SYNTHETIC SAMPLE DATA from a sampled simulation (768 simulated runs of 19,708 scheduled, 3.9%). Not IRCTC or Indian Railways metrics. Compare months with per-run and capacity-normalised measures, not raw monthly totals. Targets and thresholds are illustrative.
A4: KPI | B4: Direction | C4: Target (editable) | D4: Watch tolerance (editable) | E4: Latest value | F4: Status
A5: Cancellation rate (passenger-based) | B5: Lower is better | C5: 0.15 | D5: 0.03 | E5: =IF(COUNT(Inputs_Monthly!$B$5:$B$40)=0,"",INDEX(KPI_Tracker!$D$5:$D$40,COUNT(Inputs_Monthly!$B$5:$B$40))) -> 0.13471378 | F5: =IF(E5="","",IF(B5="Higher is better",IF(E5>=C5,"On target",IF(E5>=C5-D5,"Watch","Off target")),IF(E5<=C5,"On target",IF(E5<=C5+D5,"Watch","Off target")))) -> On target
A6: Waitlist clearance rate | B6: Higher is better | C6: 0.2 | D6: 0.05 | E6: =IF(COUNT(Inputs_Monthly!$B$5:$B$40)=0,"",INDEX(KPI_Tracker!$I$5:$I$40,COUNT(Inputs_Monthly!$B$5:$B$40))) -> 0.16680779 | F6: =IF(E6="","",IF(B6="Higher is better",IF(E6>=C6,"On target",IF(E6>=C6-D6,"Watch","Off target")),IF(E6<=C6,"On target",IF(E6<=C6+D6,"Watch","Off target")))) -> Watch
A7: Waitlist pressure % | B7: Lower is better | C7: 0.05 | D7: 0.02 | E7: =IF(COUNT(Inputs_Monthly!$B$5:$B$40)=0,"",INDEX(KPI_Tracker!$J$5:$J$40,COUNT(Inputs_Monthly!$B$5:$B$40))) -> 0.04753762 | F7: =IF(E7="","",IF(B7="Higher is better",IF(E7>=C7,"On target",IF(E7>=C7-D7,"Watch","Off target")),IF(E7<=C7,"On target",IF(E7<=C7+D7,"Watch","Off target")))) -> On target
A8: Seat occupancy % | B8: Higher is better | C8: 0.75 | D8: 0.05 | E8: =IF(COUNT(Inputs_Monthly!$B$5:$B$40)=0,"",INDEX(KPI_Tracker!$K$5:$K$40,COUNT(Inputs_Monthly!$B$5:$B$40))) -> 0.74216256 | F8: =IF(E8="","",IF(B8="Higher is better",IF(E8>=C8,"On target",IF(E8>=C8-D8,"Watch","Off target")),IF(E8<=C8,"On target",IF(E8<=C8+D8,"Watch","Off target")))) -> Watch
A9: On-time performance % | B9: Higher is better | C9: 0.8 | D9: 0.05 | E9: =IF(COUNT(Inputs_Monthly!$B$5:$B$40)=0,"",INDEX(KPI_Tracker!$P$5:$P$40,COUNT(Inputs_Monthly!$B$5:$B$40))) -> 0.76666667 | F9: =IF(E9="","",IF(B9="Higher is better",IF(E9>=C9,"On target",IF(E9>=C9-D9,"Watch","Off target")),IF(E9<=C9,"On target",IF(E9<=C9+D9,"Watch","Off target")))) -> Watch
A10: Average delay (min) | B10: Lower is better | C10: 20 | D10: 5 | E10: =IF(COUNT(Inputs_Monthly!$B$5:$B$40)=0,"",INDEX(KPI_Tracker!$Q$5:$Q$40,COUNT(Inputs_Monthly!$B$5:$B$40))) -> 18.5 | F10: =IF(E10="","",IF(B10="Higher is better",IF(E10>=C10,"On target",IF(E10>=C10-D10,"Watch","Off target")),IF(E10<=C10,"On target",IF(E10<=C10+D10,"Watch","Off target")))) -> On target

Sheet Charts
A1: Charts (ranges cover the 24 sample months; extend the series when you add months)
A2: SYNTHETIC SAMPLE DATA from a sampled simulation (768 simulated runs of 19,708 scheduled, 3.9%). Not IRCTC or Indian Railways metrics. Compare months with per-run and capacity-normalised measures, not raw monthly totals. Targets and thresholds are illustrative.

Sheet Settings
A1: Settings
A2: SYNTHETIC SAMPLE DATA from a sampled simulation (768 simulated runs of 19,708 scheduled, 3.9%). Not IRCTC or Indian Railways metrics. Compare months with per-run and capacity-normalised measures, not raw monthly totals. Targets and thresholds are illustrative.
A3: RAC seat weight (configurable simulation assumption, not an official rule) | B3: 0.5
A4: On-time threshold in minutes (informational; on-time run counts are entered as inputs) | B4: 15
